Dutch,English,Level
benzine de,gasoline the,A1
duren,to last,A1
erg,very,A1
halte de,stop the,A1
handig,handy,A1
haten,to hate,A1
helemaal,at all,A1
irritant,irritating,A1
kosten de,costs the,A1
kou de,cold the,A1
milieu het,environment the,A1
nieuwsbrief de,newsletter the,A1
ov het,public transport the,A1
parkeren,to park,A1
prettig,convenient,A1
reistijd de,travel time the,A1
rijbewijs het,driving licence the,A1
rit de (het ritje),drive the,A1
slecht,bad,A1
stoppen,to stop,A1
treinkaartje het,train ticket the,A1
verhaal het,story the,A1
want,because,A1
winter de,winter the,A1
zelfs,even,A1
auto de,car the,A1
bus de,bus the,A1
collega de,colleague the,A1
docent de,teacher the,A1
enorm,enormous,A1
excuses de,apologies the,A1
fiets de,bicycle the,A1
file de,traffic jam the,A1
gewoon,simply,A1
griep de,flu the,A1
helaas,unfortunately,A1
kantoor het,office the,A1
liggen,to lie,A1
manager de,manager the,A1
na,after,A1
ongeluk het,accident the,A1
pas,only,A1
rijden,to drive,A1
sturen,to send,A1
tram de,tram the,A1
vergadering de,meeting the,A1
verhuizing de,move the,A1
vriendelijk,kind,A1
werk het,work the,A1
dochter de,daughter the,A1
duidelijk,clear,A1
eerst,first,A1
eventueel,possibly,A1
geloven,to believe,A1
idee het,idea the,A1
kleren de,clothes the,A1
links,left,A1
linksaf,turn left,A1
lopen,to walk,A1
mam,mum,A1
mezelf,myself,A1
naartoe,(where) to,A1
plattegrond de,map the,A1
rechtdoor,straight ahead,A1
rechterkant de,right side the,A1
rechts,right,A1
rechtsaf,turn right,A1
route de,route the,A1
slim,smart,A1
stuk,broken,A1
tegenover,opposite,A1
tekenen,to draw,A1
terug,back,A1
tijdje het,while the,A1
uitleggen,to explain,A1
winkelen,to shop,A1
aankomen,to arrive,A1
aankomst de,arrival the,A1
bedankt,thanks,A1
centraal,central,A1
direct,direct,A1
gelukkig,luckily,A1
intercity de,intercity train the,A1
minuut de,minute the,A1
nergens,nowhere,A1
normaal,normally,A1
opletten,to pay attention,A1
overstappen,to change,A1
reiziger de,traveller the,A1
spoor het,platform the,A1
sprinter de,sprinter train the,A1
station het,station the,A1
tas de,bag the,A1
telefoon de,telephone the,A1
verbinding de,connection the,A1
verstaan,to hear,A1
vertraging de,delay the,A1
vertrek het,departure the,A1
vertrekken,to leave,A1
volgende,next one,A1
assistente de,assistant the,A1
behandelen,to treat,A1
dokter de,doctor the,A1
dubbel,double,A1
een paar,a few,A1
ernstig,serious,A1
gegevens de,data the,A1
gesloten,closed,A1
gezondheidszorg de,healthcare the,A1
huisarts de,the general practitioner the,A1
huisartsenpost de,GP out-of-hours service the,A1
klacht de,complaint the,A1
kort,short,A1
onderzoek het,research the,A1
praktijk de,practice the,A1
sommige,some,A1
specialist de,specialist the,A1
spoed de,emergency the,A1
spoedgeval het,emergency the,A1
spreekuur het,consultation hour the,A1
toetsen,to enter,A1
verwijzing de,referral the,A1
via,through,A1
ziekenhuis het,hospital the,A1
brengen,to bring,A1
dag de,day the,A1
eigenlijk,actually,A1
geduld het,patience the,A1
graad de,degree the,A1
hoesten,to cough,A1
keel de,throat the,A1
keelpijn de,sore throat the,A1
koorts de,fever the,A1
lijn de,line the,A1
mogelijk,possible,A1
moment het,moment the,A1
ogenblik het,moment the,A1
opnieuw,again,A1
overgaan,to pass,A1
pijn de,pain the,A1
spijten,to be sorry,A1
spreken,to speak,A1
vader de,father the,A1
vanzelf,on its own,A1
verkouden,(to have a) cold,A1
verzetten,to reschedule,A1
vrij,free,A1
apotheek de,pharmacy the,A1
bijsluiter de,leaflet the,A1
doos de (het doosje),box the,A1
dosering de,dosage the,A1
drogist de,drugstore the,A1
gebruik het,use the,A1
huismerk het,private label the,A1
jong,young,A1
kant de,side the,A1
leeftijd de,age the,A1
luier de,diaper the,A1
maar,only,A1
maximaal,maximally,A1
medicijn het,drug the,A1
merk het,brand the,A1
milligram de,milligram the,A1
naast,next to,A1
neus de,nose the,A1
neusspray de,nasal spray the,A1
pijnstiller de,painkiller the,A1
proberen,to try,A1
recept het,prescription the,A1
rug de,back the,A1
verder,further,A1
verschil het,difference the,A1
wakker,awake,A1
wc-papier het,toilet paper the,A1
zoon de (het zoontje),son the,A1
zwaar,heavy,A1
alcohol de,alcohol the,A1
bewaren,to save,A1
bijwerking de,side effect the,A1
borstvoeding de,breastfeeding the,A1
boven,above,A1
contact het,contact the,A1
erg,very,A1
glas het,glass the,A1
hardlopen,to run,A1
innemen,to take,A1
knie de,knee the,A1
laatst,last,A1
maal,times,A1
maaltijd de,meal the,A1
misselijk,nauseous,A1
nacht de,night the,A1
pil de,pill the,A1
slaappil de,sleeping pill the,A1
stress de,stress the,A1
tablet de,tablet the,A1
tegelijk,at the same time,A1
tijdens,during,A1
verpakking de,packaging the,A1
zwangerschap de,pregnancy the,A1
afwas de,dishes the,A1
bewoner de,resident the,A1
boos,angry,A1
eerlijk,fair,A1
geluk het,luck the,A1
gewoonte de,habit the,A1
hetzelfde,the same,A1
huishouden het,household the,A1
ideaal,ideal,A1
leven het,life the,A1
muziek de,music the,A1
omgeving de,environment the,A1
oplossen,to solve,A1
opschieten met,to get along with,A1
overdag,during the day,A1
rest de,rest the,A1
roken,to smoke,A1
ruzie de,argument the,A1
schoon,clean,A1
serieus,serious,A1
sinds,since,A1
uitgaan,to go out,A1
verdelen,to divide,A1
vies,dirty,A1
weleens,sometimes,A1
activiteit de,activity the,A1
begane grond de,ground floor the,A1
bibliotheek de,library the,A1
buurtcentrum het,neighbourhood centre the,A1
deelnemer de,participant the,A1
gebeuren,to happen,A1
groep de,group the,A1
hoeven,to be necessary,A1
iemand,someone,A1
ingang de,entrance the,A1
krant de,newspaper the,A1
medewerkster de,female employee the,A1
oefenen,to practice,A1
onderwerp het,subject the,A1
organiseren,to organize,A1
precies,exactly,A1
spelletje het,game the,A1
taal de,language the,A1
taalcafé het,language cafe the,A1
taalcoach de,language coach the,A1
vanaf,starting at,A1
verschillen,to differ,A1
voorbereiden,to prepare,A1
vrijwilliger de,volunteer the,A1
zich aanmelden,to sign up,A1
bioscoop de,cinema the,A1
boom de,tree the,A1
buitenland het,foreign country the,A1
café het,cafe the,A1
elk,each,A1
film de,film the,A1
gang de,corridor the,A1
gebouw het,building the,A1
grasveld het,lawn the,A1
groen,green,A1
kletsen,to chat,A1
lift de,elevator the,A1
metro de,subway the,A1
missen,to miss,A1
openbaar vervoer het,public transport the,A1
park het,park the,A1
parkeerplaats de,parking space the,A1
regelmatig,regularly,A1
speeltuin de,playground the,A1
spelen,to play,A1
struik de,bush the,A1
tevreden,content,A1
verkeer het,traffic the,A1
voetballen,to play football,A1
zoveel,that many,A1
bang,scared,A1
blaffen,to bark,A1
buurman de,male neighbour the,A1
gedrag het,behaviour the,A1
geluid het,sound the,A1
hond de,dog the,A1
huisdier het,pet the,A1
ineens,suddenly,A1
klagen,to complain,A1
laten (alleen laten),to leave,A1
oplossing de,solution the,A1
overlast de,nuisance the,A1
overleggen,to discuss,A1
schuld de,debt the,A1
situatie de,situation the,A1
stinken,to stink,A1
trap de,stairs the,A1
uitlaten,to walk (a dog),A1
veroorzaken,to cause,A1
vuilniszak de,trash bag the,A1
waarschijnlijk,probably,A1
wennen,to get used to,A1
woningbouwvereniging de,housing association the,A1
zielig,sad,A1
zomaar,just like that,A1
appartement het,apartment the,A1
badkamer de,bathroom the,A1
balkon het,balcony the,A1
betalen,to pay,A1
centrum het,centre the,A1
delen,to share,A1
eigen,own,A1
familie de,family the,A1
gebruiken,to use,A1
gezin het,family the,A1
hoog,high,A1
huisgenoot de,roommate the,A1
huur de,rent the,A1
informatie de,information the,A1
kamer de,room the,A1
maar,only,A1
plek de,place the,A1
rijtjeshuis het,row house the,A1
slaapkamer de,bedroom the,A1
tuin de,garden the,A1
verdieping de,floor the,A1
vierkante meter de,square metre the,A1
vlakbij,nearby,A1
vrijstaand,detached,A1
wc de,toilet the,A1
bed het,bed the,A1
ervaring de,experience the,A1
flat de,block of flats the,A1
hulp de,help the,A1
klussen,to do odd jobs,A1
kwijt,lost,A1
laag,low,A1
langskomen,to come by,A1
meisje het,girl the,A1
mooi,beautiful,A1
ongeveer,about,A1
ophalen,to pick up,A1
oppas de,babysitter the,A1
prijs de,price the,A1
schoonmaken,to clean,A1
sleutel de,key the,A1
spullen de,stuff the,A1
stoel de,chair the,A1
student de,student the,A1
tweedehands,second-hand,A1
verhuizen,to move,A1
verkopen,to sell,A1
zoeken,to search,A1
belangrijk,important,A1
blauw,blue,A1
donker,dark,A1
iedereen,everyone,A1
kast de,cabinet the,A1
kiezen,to choose,A1
kleding de,clothing the,A1
kleur de,colour the,A1
la de (de lades),drawer the,A1
lamp de,lamp the,A1
licht,light,A1
licht het,light the,A1
meubel het,(piece of) furniture the,A1
muur de,wall the,A1
onder,beneath,A1
raam het,window the,A1
ruimte de,space the,A1
tegen,against,A1
tip de,tip the,A1
vloer de,floor the,A1
vol,full,A1
vooral,particularly,A1
wit,white,A1
woning de,home the,A1
woonkamer de,living room the,A1
zetten,to put,A1
zorgen voor,to create,A1
allebei,both,A1
allemaal,all,A1
elkaar,each other,A1
geld het,money the,A1
gratis,free,A1
huren,to rent,A1
lang,long,A1
makkelijk,easy,A1
meeste,most,A1
moeilijk,difficult,A1
ouder de,parent the,A1
procent het,percent the,A1
sparen,to save,A1
streng,strict,A1
studeren,to study,A1
studie de,study the,A1
uitstappen,to get off,A1
vinden,to find,A1
vrijheid de,freedom the,A1
wachten,to wait,A1
was de,laundry the,A1
wasmachine de,washing machine the,A1
zelfstandig,independent,A1
zomer de,summer the,A1
allerlei,all kinds of,A1
boter de,butter the,A1
fles de,bottle the,A1
gezond,healthy,A1
groot,large,A1
klaar,ready,A1
koelkast de,fridge the,A1
langs,by,A1
meenemen,to bring (along),A1
moeten,to have to,A1
niks,nothing,A1
nodig,(have a) need,A1
over,in,A1
pak het,suit the,A1
soep de,soup the,A1
staan,to stand,A1
straks,later,A1
toetje het,dessert the,A1
ui de (uien),onion the,A1
vinden,to find,A1
water het,water the,A1
wijn de,wine the,A1
yoghurt de,yogurt the,A1
zout het,salt the,A1
avondeten het,dinner the,A1
boterham de (boterhammen),sandwich the,A1
broodje het,sandwich the,A1
ding het (dingen),thing the,A1
doordeweeks,during the week,A1
gek,crazy,A1
havermout de,oatmeal the,A1
jam de,jam the,A1
koud,cold,A1
lijken,to seem,A1
lunchen,to have lunch,A1
Nederlander de (Nederlanders),Dutchman the,A1
noedels de,noodles the,A1
nooit,never,A1
ontbijt het,breakfast the,A1
pasta de,pasta the,A1
salade de,salad the,A1
sinaasappelsap de,orange juice the,A1
trein de,train the,A1
tussen,between,A1
vaak,often,A1
vanmiddag,this afternoon,A1
vegetariër de,vegetarian the,A1
zoet,sweet,A1
zout,salty,A1
advies het,advice the,A1
afvallen,to lose weight,A1
bank de,bank the,A1
bewegen,to move,A1
buik de,belly the,A1
cola de,cola the,A1
dik,big,A1
frisdrank de,soda the,A1
gelijk hebben,to be right,A1
hamburger de (hamburgers),hamburger the,A1
ieder,every,A1
leven,to live,A1
meer,more,A1
minder,less,A1
ongezond,unhealthy,A1
pakken,to grab,A1
patat de,fries the,A1
probleem het,problem the,A1
snappen,to understand,A1
sporten,to do sports,A1
toch,don't you?,A1
tussendoor,in between,A1
vet,fat,A1
wegen,to weigh,A1
weinig,little,A1
afhalen,to take away,A1
alle,all,A1
bestellen,to order,A1
bezorgen,to deliver,A1
bijvoorbeeld,for example,A1
buiten,outdoors,A1
daarom,therefore,A1
haring de,herring the,A1
internationaal,international,A1
laat,late,A1
land het (landen),country the,A1
manier de (manieren),manner the,A1
mayonaise de,mayonnaise the,A1
mens de (mensen),man,A1
overal,everywhere,A1
plaats de,space the,A1
proeven,to taste,A1
reserveren,to reserve,A1
smaken,tastes the,A1
stamppot de,mashed potato dish the,A1
tafel de,table the,A1
terras het,terrace the,A1
typisch,typical,A1
verschillend,different,A1
vroeg,early,A1
zoals,such as,A1
alles,everything,A1
beterschap,get well soon,A1
bezig,doing (well),A1
broer de,brother the,A1
daar,there,A1
druk,busy,A1
een beetje,a little bit,A1
eindelijk,finally,A1
groet de (groeten),greeting the,A1
lekker,nice,A1
lopen,to walk,A1
moeder de,mother the,A1
morgen,tomorrow,A1
paracetamol de,paracetamol the,A1
prima,fine,A1
steeds,still,A1
vervelend,unpleasant,A1
vriend de,friend the,A1
vriendin de,girlfriend the,A1
waarom,why,A1
warm,warm,A1
weer het,weather the,A1
worden,to become,A1
ziek,ill,A1
zo,so,A1
zon de,sun the,A1
zus de,sister the,A1
bezoek het,visit the,A1
binnenkomen,to come in,A1
drinken,to drink,A1
eruitzien,to look,A1
geven,to give,A1
heel,whole,A1
horen,to hear,A1
huilen,to cry,A1
jas de,coat the,A1
jongen de,boy the,A1
klein,little,A1
koffie de,coffee the,A1
lachen,to laugh,A1
lief,sweet,A1
melk de,milk the,A1
moe,tired,A1
slapen,to sleep,A1
suiker de,sugar the,A1
thee de,tea the,A1
zelf,self,A1
zitten,to sit,A1
zonder,without,A1
zwart,black,A1
avond de,evening the,A1
beginnen,to start,A1
begrijpen,to understand,A1
bellen,to call (by telephone),A1
bier het,beer the,A1
blijven,to stay,A1
deze,this,A1
die,those,A1
echt,really,A1
eten,to eat,A1
genoeg,enough,A1
gezellig,nice,A1
heel,whole,A1
keer de,occasion the,A1
later,later,A1
lawaai het,noise the,A1
luisteren,to listen,A1
rustig,quiet,A1
uitnodigen,to invite,A1
vakantie de,holiday the,A1
voetbal het,football the,A1
vrijdag,Friday,A1
weer,again,A1
weg,away,A1
afgesproken,it's a deal,A1
afspraak de,appointment the,A1
baan de,job the,A1
bericht het,message the,A1
blij,happy,A1
februari,February,A1
feestje het,party the,A1
feliciteren,to congratulate,A1
gauw,soon,A1
gefeliciteerd,congratulations,A1
geleden,ago,A1
januari,January,A1
jarig,(having a) birthday,A1
klinken,to sound,A1
krijgen,to receive,A1
misschien,maybe,A1
net,just,A1
nieuws het,news the,A1
succes het,success the,A1
uitnodiging de,invitation the,A1
vanavond,tonight,A1
vandaag,today,A1
verjaardag de,birthday the,A1
volgend,next,A1
zeker,definitely,A1
ander,other,A1
appel de (appels),apple the,A1
banaan de (bananen),banana the,A1
bijna,almost,A1
boodschappen de,groceries the,A1
doen,to do,A1
dus,so,A1
eten het,food the,A1
fruit het,fruit the,A1
groente de,vegetable the,A1
kip de,chicken the,A1
kopen,to buy,A1
lijst de (het lijstje),list the,A1
maken,to make,A1
markt de,market the,A1
meer,more,A1
of,or,A1
praten,to talk,A1
rijst de,rice the,A1
supermarkt de,supermarket the,A1
thuis,at home,A1
tomaat de (tomaten),tomato the,A1
vis de,fish the,A1
vlees het,meat the,A1
we,we,A1
wortel de (wortels),carrot the,A1
aardappel de (aardappels),potato the,A1
alsjeblieft,please / here you go,A1
alstublieft,please / here you go,A1
anders,else,A1
dag,bye,A1
dan,then,A1
ei het (de eieren),egg the,A1
fijn,nice,A1
goed,good,A1
gram de,gram the,A1
hoeveel,how much,A1
iets,something,A1
jammer,too bad,A1
kaas de,cheese the,A1
kijken,to look,A1
kilo de,kilo the,A1
mevrouw,madam,A1
mogen,to may,A1
nee,no,A1
nemen,to take,A1
pinnen,to pay by debit card,A1
verkoper de,seller the,A1
voor,for,A1
zeggen,to say,A1
altijd,always,A1
bakker de,baker the,A1
brood het,bread the,A1
buurt de,neighbourhood the,A1
dinsdag,Tuesday,A1
duur,expensive,A1
goedkoop,cheap,A1
halen,to get,A1
hier,here,A1
hoor,that's fine,A1
kennen,to know,A1
meestal,usually,A1
middag de,afternoon the,A1
natuurlijk,of course,A1
ochtend de,morning the,A1
soms,sometimes,A1
straat de,street the,A1
veel,many,A1
ver,far,A1
vers,fresh,A1
vragen,to ask,A1
wanneer,when,A1
wel,on the other hand,A1
welk,which,A1
zaterdag,Saturday,A1
zien,to see,A1
chips de,potato chips the,A1
denken,to think,A1
dicht,closed,A1
fietsen,to (ride a) bike,A1
half,half,A1
internet het,Internet the,A1
keuken de,kitchen the,A1
laat,late,A1
leeg,empty,A1
liggen,to lie,A1
maandag,Monday,A1
open,open,A1
openingstijden de,opening hours the,A1
's avonds,in the evening,A1
's middags,in the afternoon,A1
's morgens,in the morning,A1
's nachts,at night,A1
's ochtends,in the morning,A1
snel,fast,A1
tot,until,A1
uur,o'clock,A1
weten,to know,A1
zak de,bag the,A1
dat,that,A1
dit,this,A1
dorp het,village the,A1
een,a,A1
gaan,to go,A1
hij,he,A1
ik,I,A1
in,in,A1
jaar het,year the,A1
komen,to come,A1
leren,to learn,A1
maand de,month the,A1
naar,to,A1
Nederland,The Netherlands,A1
Nederlands,Dutch,A1
niet,not,A1
nu,now,A1
school de,school the,A1
stad de,city the,A1
uit,from,A1
werken,to work,A1
winkel de,store the,A1
wonen,to live,A1
ze,she,A1
zijn,to be,A1
één,one,A1
achternaam de,last name the,A1
al,already,A1
en,and,A1
hallo,hello,A1
hebben,to have,A1
heten,to be called,A1
hoe,how,A1
hoelang,how long,A1
ja,yes,A1
je,your,A1
jij,you [singular],A1
kloppen,to be correct,A1
les de,lesson the,A1
leuk,nice,A1
mijn,my,A1
oké,okay,A1
ook,also,A1
spellen,to spell,A1
telefoonnummer het,telephone number the,A1
vandaan,from,A1
voornaam de,first name the,A1
wat,what,A1
adres het,address the,A1
april,April,A1
e-mailadres het,email address the,A1
formulier het,form the,A1
geboortedatum de,date of birth the,A1
geboren,born,A1
gemeente de,municipality the,A1
gemeentehuis het,town hall the,A1
goedemorgen,good morning,A1
helpen,to help,A1
invullen,to fill in,A1
kunnen,can,A1
man de,man the,A1
meneer,sir,A1
mobiel,mobile,A1
nationaliteit de,nationality the,A1
nieuw,new,A1
op,at,A1
postcode de,postcode the,A1
u,you [formal],A1
uw,your [formal],A1
vrouw de,woman the,A1
woonplaats de,place of residence the,A1
zullen,will,A1
alleen,on my own,A1
appen,to app,A1
buren de,neighbours the,A1
buurvrouw de,female neighbour the,A1
geen,no,A1
getrouwd,married,A1
graag,gladly,A1
hobby de,hobby the,A1
houden van,to love,A1
huis het,house the,A1
jullie,you [plural],A1
kind het,child the,A1
koken,to cook,A1
met,with,A1
nog,yet,A1
ontmoeten,to meet,A1
oud,old,A1
poes de,cat the,A1
restaurant het,restaurant the,A1
sporten,to do sports,A1
week de (weken),week the,A1
weekend het,weekend the,A1
welkom,welcome,A1
wie,who,A1
willen,to want,A1
aandoen,to put on,A1
aantrekken,to put on,A1
bedoelen,to mean,A1
benieuwd,curious,A1
blouse de,blouse the,A1
broek de,trousers the,A1
bruiloft de,wedding the,A1
dragen,to wear,A1
geel,yellow,A1
jurk de,dress the,A1
kaart de,card the,A1
lelijk,ugly,A1
lievelings,favourite,A1
mening de,opinion the,A1
nadenken,to think about,A1
niets,nothing,A1
overhemd het,shirt the,A1
pak het,suit the,A1
prachtig,beautiful,A1
rood,red,A1
roze,pink,A1
schoen de,shoe the,A1
spijkerbroek de,jeans the,A1
trouwen,to marry,A1
trui de,sweater the,A1
uitgeven,to spend,A1
aanbieding de,special offer the,A1
aankoop de,purchase the,A1
algemeen,general,A1
bankafschrift het,bank statement the,A1
bepaald,certain,A1
binnen,within,A1
contant,in cash,A1
garantie de,warranty the,A1
gelden,to apply,A1
houden,to keep,A1
kapotgaan,to become defective,A1
kassabon de,receipt the,A1
klantenservice de,customer service the,A1
namelijk,namely,A1
origineel,original,A1
pinpas de,debit card the,A1
product het,product the,A1
reparatie de,repair the,A1
ruilen,to exchange,A1
tegoedbon de,voucher the,A1
telefonisch,by telephone,A1
terugkrijgen,to get back,A1
terugstorten,to refund,A1
terugsturen,to send back,A1
tijd de,time the,A1
voorwaarde de,condition the,A1
aantal het,number the,A1
argument het,argument the,A1
bekijken,to look at,A1
beoordeling de,review the,A1
beslissing de,decision the,A1
betrouwbaar,reliable,A1
boek het,book the,A1
gaaf,cool,A1
kwaliteit de,quality the,A1
laptop de,laptop the,A1
letten op,to pay attention to,A1
minstens,at least,A1
noemen,to mention,A1
nogal,quite,A1
opruiming de,clearance sale the,A1
rotzooi de,inferior product the,A1
stukgaan,to break down,A1
twijfelen,to doubt,A1
verdienen,to earn,A1
vinger de,finger the,A1
waar,true.,A1
afgeven,to hand off,A1
artikel het,article the,A1
dichtmaken,to close,A1
inloggen,to log in,A1
juist,right,A1
klikken,to click,A1
leggen,to lay,A1
locatie de,location the,A1
maat de,size the,A1
ontvangen,to receive,A1
order de,order the,A1
over ... heen,on top of,A1
pakket het,package the,A1
plakken,to stick,A1
reden de,reason the,A1
retour,return,A1
sok de,sock the,A1
stap de,step the,A1
sticker de,sticker the,A1
verkeerd,wrong,A1
vervolgens,thereafter,A1
verzendbewijs het,proof of shipment the,A1
verzenden,to send,A1
wachtwoord het,password the,A1
webwinkel de,webshop the,A1
totaal het,total the,A1
absoluut,absolutely,A1
aflevering de,episode the,A1
dood,dead,A1
drama het,drama the,A1
hangen,to hang,A1
journaal het,news the,A1
misdaad de,crime the,A1
missen,to miss,A1
ontspannen,relaxed,A1
politiek de,politics the,A1
programma het,programme the,A1
quiz de,quiz show the,A1
romantisch,romantic,A1
rust de,rest the,A1
soapserie de,soap series the,A1
talkshow de,talk show the,A1
terugkijken,to watch,A1
thriller de,thriller the,A1
titel de,title the,A1
tof,cool,A1
vegetarisch,vegetarian,A1
verslavend,addictive,A1
waarover,about what,A1
waarvan,of what,A1
zender de,(TV) station the,A1
absoluut,absolutely,A1
aflevering de,episode the,A1
dood,dead,A1
drama het,drama the,A1
hangen,to hang,A1
journaal het,news the,A1
misdaad de,crime the,A1
missen,to miss,A1
ontspannen,relaxed,A1
politiek de,politics the,A1
programma het,programme the,A2
quiz de,quiz show the,A2
romantisch,romantic,A2
rust de,rest the,A2
soapserie de,soap series the,A2
talkshow de,talk show the,A2
terugkijken,to watch,A2
thriller de,thriller the,A2
titel de,title the,A2
tof,cool,A2
vegetarisch,vegetarian,A2
verslavend,addictive,A2
waarover,about what,A2
waarvan,of what,A2
zender de,(TV) station the,A2
afstand de,distance the,A2
arbeidsmarkt de,labour market the,A2
Aziatisch,Asian,A2
bevallen,to give birth,A2
brandstof de,fuel the,A2
buitenlands,foreign,A2
daarvoor,before,A2
economie de,economy the,A2
Europese Unie de,European Union the,A2
feit het,fact the,A2
hoofdstad de,capital the,A2
migrant de,migrant the,A2
nieuwssite de,news site the,A2
ondanks,despite,A2
onderzoeken,to research,A2
organisatie de,organization the,A2
overdreven,over the top,A2
ruim,more than,A2
sloot de,ditch the,A2
stom,stupid,A2
tarief het,rate the,A2
toch,don't you?,A2
verhogen,to increase,A2
voortaan,from now on,A2
vrezen,to fear,A2
werkloosheid de,unemployment the,A2
aankomen,to arrive,A2
aanraden,to recommend,A2
beeld het,image the,A2
bespreken,to discuss,A2
boeddhist de,Buddhist the,A2
christen de,Christian the,A2
drug de,drug the,A2
eiland het,island the,A2
geloof het,religion the,A2
kerk de,church the,A2
kerstvakantie de,Christmas vacation the,A2
liefde de,love the,A2
moskee de,mosque the,A2
moslim de,Muslim the,A2
onbeleefd,rude,A2
openbaar,public,A2
president de,president the,A2
privé,private,A2
taboe het,taboo the,A2
taxi de,taxi the,A2
tempel de,temple the,A2
terwijl,while,A2
vluchteling de,refugee the,A2
ziekte de,illness the / disease the,A2
zoiets,something like that,A2
aankomen,to arrive,A2
aanraden,to recommend,A2
beeld het,image the,A2
bespreken,to discuss,A2
boeddhist de,Buddhist the,A2
christen de,Christian the,A2
drug de,drug the,A2
eiland het,island the,A2
geloof het,religion the,A2
kerk de,church the,A2
kerstvakantie de,Christmas vacation the,A2
liefde de,love the,A2
moskee de,mosque the,A2
moslim de,Muslim the,A2
onbeleefd,rude,A2
openbaar,public,A2
president de,president the,A2
privé,private,A2
taboe het,taboo the,A2
taxi de,taxi the,A2
tempel de,temple the,A2
terwijl,while,A2
vluchteling de,refugee the,A2
ziekte de,illness the / disease the,A2
zoiets,something like that,A2
aantrekkelijk,attractive,A2
belofte de,promise the,A2
bewust,consciously,A2
bukken,to bend down,A2
consument de,consumer the,A2
contactloos,contactless,A2
creditcard de,credit card the,A2
folder de,brochure the,A2
fotomodel het,(fashion) model the,A2
gangpad het,aisle the,A2
geur de,smell the,A2
gevoelig,sensitive,A2
korting de,discount the,A2
media de,media the,A2
onderaan,at the bottom,A2
reclame de,advertising the,A2
schuldig,guilty,A2
soort het,type the,A2
toeval het,coincidence the,A2
truc de,trick the,A2
uitverkoop de,(clearance) sale the,A2
verleiden,to tempt,A2
verleiding de,temptation the,A2
verschrikkelijk,terribly,A2
werkelijk,really,A2
zichtbaar,visible,A2
accijns de,excise duty the,A2
afvoeren,to dispose of,A2
belasting de,tax the,A2
belastingaanslag de,tax assessment the,A2
Belastingdienst de,tax authorities the,A2
bestuur het,government the,A2
bijdrage de,contribution the,A2
brommer de,moped the,A2
btw de,value added tax the,A2
erfenis de,inheritance the,A2
etc. (etcetera),etc.,A2
fietsenmaker de,bicycle repairer the,A2
financieel,financial,A2
loon het,wage the,A2
provincie de,province the,A2
rekeningnummer het,account number the,A2
schoenmaker de,shoemaker the,A2
sigaret de,cigarette the,A2
systeem het,system the,A2
toeslag de,surcharge the,A2
toevoegen,to add,A2
uitstel het,delay the,A2
vergissing de,mistake the,A2
vorm de,form the,A2
vraag de,question the,A2
afnemen,to decrease,A2
Amerikaans,American,A2
angst de,fear the,A2
blijken,to be evident,A2
dankbaar,grateful,A2
droom de,dream the,A2
effect het,effect the,A2
gesprek het,conversation the,A2
hypotheek de,mortgage the,A2
idioot,idiotic,A2
loterij de,lottery the,A2
onderzoeker de,researcher the,A2
parttime,part-time,A2
plotseling,suddenly,A2
relatie de,relationship the,A2
samenvatting de,summary the,A2
verband het,connection the,A2
Verenigde Staten de,United States the,A2
weggeven,to give away,A2
wens de,wish the,A2
winnaar de,winner the,A2
winnen,to win,A2
zich voorstellen,to imagine,A2
zorgen de,worries the,A2
Zweeds,Swedish,A2
bewolkt,cloudy,A2
binnenblijven,to stay inside,A2
bui de,rain shower the,A2
doodgaan,to die,A2
doorgaan,to go through,A2
eng,scary,A2
hagel de,hail the,A2
handschoen de,glove the,A2
hitte de,heat the,A2
hoofd het,head the,A2
ijs het,ice the,A2
ijskoud,ice cold,A2
muts de,hat the,A2
onweren,to thunder,A2
opschieten,to hurry up,A2
paraplu de,umbrella the,A2
regenjas de,raincoat the,A2
sneeuwen,to snow,A2
storm de,storm the,A2
vannacht,tonight,A2
voorspellen,to predict,A2
waaien,to blow,A2
wolk de,cloud the,A2
zeuren,to whine,A2
bewolkt,cloudy,A2
binnenblijven,to stay inside,A2
bui de,rain shower the,A2
doodgaan,to die,A2
doorgaan,to go through,A2
eng,scary,A2
hagel de,hail the,A2
handschoen de,glove the,A2
hitte de,heat the,A2
hoofd het,head the,A2
ijs het,ice the,A2
ijskoud,ice cold,A2
muts de,hat the,A2
onweren,to thunder,A2
opschieten,to hurry up,A2
paraplu de,umbrella the,A2
regenjas de,raincoat the,A2
sneeuwen,to snow,A2
storm de,storm the,A2
vannacht,tonight,A2
voorspellen,to predict,A2
waaien,to blow,A2
wolk de,cloud the,A2
zeuren,to whine,A2
aaien,to pet,A2
allergisch,allergic,A2
beest het,animal the,A2
dier het,animal the,A2
eenzaam,lonely,A2
kat de,cat the,A2
knuffelen,to cuddle,A2
konijn het,rabbit the,A2
nadeel het,disadvantage the,A2
ongezellig,unsociable,A2
opgroeien,to grow up,A2
praatje het,chat the,A2
rommel de,mess the,A2
ruiken,to smell,A2
schattig,cute,A2
slang de,snake the,A2
spin de,spider the,A2
thuiskomen,to come home,A2
toestaan,to allow,A2
verbieden,to prohibit,A2
verzorgen,to care for,A2
vogel de,bird the,A2
wild,wild,A2
berg de,mountain the,A2
boerderij de,farm the,A2
duin de,dune the,A2
enige de,only the,A2
hek het,fence the,A2
inwoner de,resident the,A2
kamperen,to camp,A2
koe de,cow the,A2
landschap het,landscape the,A2
meer het,lake the,A2
miljoen het,million the,A2
natuurgebied het,nature reserve the,A2
omhoog,upwards,A2
pad het,path the,A2
plat,flat,A2
rijk,rich,A2
schaap het,sheep the,A2
skiën,to ski,A2
teleurgesteld,disappointed,A2
top de,top the,A2
uitzicht het,view the,A2
verdwijnen,to disappear,A2
vuur het,fire the,A2
weiland het,meadow the,A2
zand het,sand the,A2
behulpzaam,helpful,A2
beschrijven,to describe,A2
bezorger de,deliveryman the,A2
creatief,creative,A2
depressie de,depression the,A2
enthousiast,enthusiastic,A2
ervaren,experienced,A2
flexibel,flexible,A2
functie de,function the,A2
geduldig,patient,A2
gevoel het,feeling the,A2
handig,handy,A2
klant de,customer the,A2
kritisch,critical,A2
kwaliteit de,quality the,A2
leiding de,leadership the,A2
mode de,fashion the,A2
passen bij,to match,A2
sfeer de,atmosphere the,A2
sociaal,social,A2
stage de,internship the,A2
therapie de,therapy the,A2
wiskunde de,math the,A2
behulpzaam,helpful,A2
beschrijven,to describe,A2
bezorger de,deliveryman the,A2
creatief,creative,A2
depressie de,depression the,A2
enthousiast,enthusiastic,A2
ervaren,experienced,A2
flexibel,flexible,A2
functie de,function the,A2
geduldig,patient,A2
gevoel het,feeling the,A2
handig,handy,A2
klant de,customer the,A2
kritisch,critical,A2
kwaliteit de,quality the,A2
leiding de,leadership the,A2
mode de,fashion the,A2
passen bij,to match,A2
sfeer de,atmosphere the,A2
sociaal,social,A2
stage de,internship the,A2
therapie de,therapy the,A2
wiskunde de,math the,A2
afdeling de,department the,A2
beantwoorden,to answer,A2
bereid,prepared,A2
bereikbaar,accessible,A2
beschikbaar,available,A2
bieden,to offer,A2
bruto,gross,A2
cv het,CV the,A2
doorzettingsvermogen het,perseverance the,A2
eis de,requirement the,A2
fulltime,full time,A2
omschrijving de,description the,A2
opnemen,to answer,A2
personeelszaken de,human resources department the,A2
receptie de,reception the,A2
receptionist de,receptionist the,A2
salaris het,salary the,A2
snelweg de,highway the,A2
sollicitatiebrief de,application letter the,A2
solliciteren,to apply for a job,A2
vaardigheid de,skill the,A2
verantwoordelijk,responsible,A2
vloeiend,fluent,A2
voldoende,sufficient,A2
zeer,very,A2
aannemen,to hire,A2
afwisselend,full of variety,A2
beleefd,polite,A2
besluiten,to decide,A2
bijbaan de,job on the side the,A2
boekwinkel de,bookstore the,A2
bureau het,desk the,A2
directeur de,director the,A2
geweldig,awesome,A2
ijverig,diligent,A2
kassa de,cash register the,A2
magazijn het,warehouse the,A2
nauwkeurig,accurate,A2
netjes,tidy,A2
openen,to open,A2
overleg het,meeting the,A2
serveren,to serve,A2
sollicitant de,applicant the,A2
sollicitatiegesprek het,job interview the,A2
soort het,type the,A2
taak de,task the,A2
verleden het,past the,A2
verzorgingshuis het,care home the,A2
voorbeeld het,example the,A2
afval het,waste the,A2
bak de,container the,A2
batterij de,battery the,A2
beker de,cup the,A2
blik het (het blikje),can the,A2
chemisch,chemical,A2
container de,container the,A2
deel het,part the,A2
gooien,to throw,A2
grofvuil het,bulky waste the,A2
helft de,half,A2
karton het,cardboard the,A2
krat het,crate the,A2
matras de/het,mattress the,A2
olie de,oil the,A2
plastic het,plastic the,A2
pot de,pot the,A2
restje het,leftover the,A2
schadelijk,harmful,A2
schil de,peel the,A2
statiegeld het,deposit the,A2
stof de,substance the,A2
terechtkomen,to end up,A2
terugbrengen,to return,A2
verzamelen,to collect,A2
vuilnis het,garbage the,A2
weggooien,to throw away,A2
aangifte de,report the,A2
aanvragen,to apply for,A2
aanwezig,present,A2
arts de,doctor the,A2
automatisch,automatic,A2
beide,both,A2
betaling de,payment the,A2
bevalling de,childbirth the,A2
bewijs het,proof the,A2
daarnaast,in addition,A2
document het,document the,A2
doorgeven,to pass on,A2
familielid het,family member the,A2
geboorte de,birth the,A2
geldig,valid,A2
identiteitskaart de,identity card the,A2
kwijtraken,to lose,A2
legitimatie de,identification the,A2
legitimatiebewijs het,proof of identity the,A2
mailen,to send an e-mail,A2
ondertekenen,to sign,A2
opschrijven,to write down,A2
opsturen,to send,A2
pasfoto de,passport photo the,A2
paspoort het,passport the,A2
persoon de,person the,A2
verklaring de,declaration the,A2
belasting de,tax the,A2
brief de,letter the,A2
Burgerservicenummer het,citizen service number the,A2
code de,code the,A2
dame de,lady the,A2
DigiD de,DigiD (digital signature) the,A2
dom,stupid,A2
gebruikersnaam de,username the,A2
hoofdletter de,capital letter the,A2
leesteken het,punctuation mark the,A2
onthouden,to remember,A2
overheid de,government the,A2
pensioen het,pension the,A2
persoonlijk,in person,A2
post de,post the,A2
tandarts de,dentist the,A2
uitstekend,excellent,A2
verbaasd,surprised,A2
verzekerd,insured,A2
verzekering de,insurance the,A2
werkdag de,working day the,A2
zaak de,matter the,A2
zorgverzekering de,health insurance the,A2
aanvullend,additional,A2
basis de,basis the,A2
behandeling de,treatment the,A2
bepalen,to determine,A2
bezoek het,visit the,A2
bloed het,blood the,A2
halverwege,halfway through,A2
hoogte de,height the,A2
kraamzorg de,maternity care the,A2
medisch,medical,A2
noodzakelijk,necessary,A2
opname de,admission the,A2
opzeggen,to cancel,A2
overzicht het,overview the,A2
polis de,(insurance) policy the,A2
premie de,premium the,A2
psychisch,psychological,A2
variëren,to vary,A2
vergelijken,to compare,A2
vergoeden,to reimburse,A2
verzekeren,to insure,A2
zorgkosten de,healthcare costs the,A2
aanbieden,to offer,A2
collectie de,collection the,A2
concert het,concert the,A2
cursus de,course the,A2
digitaal,digital,A2
documentaire de,documentary the,A2
downloaden,to download,A2
e-boek het,e-book the,A2
kosten de,costs the,A2
leestafel de,reading table the,A2
lid het,member the,A2
lidmaatschap het,membership the,A2
luisterboek het,audio book the,A2
medewerker de,employee the,A2
mogelijkheid de,possibility the,A2
papier het,paper the,A2
pas de,pass the,A2
stuk het,bit the,A2
termijn de,term the,A2
tijdschrift het,magazine the,A2
toegang de,access the,A2
tv-serie de,TV series the,A2
verbeteren,to improve,A2
verbinding de,connection the,A2
zodat,so that,A2
doorbrengen,to spend,A2
eeuw de,century the,A2
fantastisch,fantastic,A2
gewend,used to,A2
gracht de,canal the,A2
interesse de,interest the,A2
kunst de,art the,A2
meedenken,to help think,A2
modern,modern,A2
museum het,museum the,A2
onmogelijk,impossible,A2
opeens,suddenly,A2
overnachten,to spend the night,A2
popconcert het,pop concert the,A2
raden,to guess,A2
risico het,risk the,A2
schilderij het,painting the,A2
toerist de,tourist the,A2
totaal,totally,A2
volhouden,to keep on doing,A2
waard,worth,A2
zo'n,such a,A2
achter,behind,A2
ballet het,ballet the,A2
betekenen,to mean,A2
beweging de,exercise the,A2
bos het,forest the,A2
chagrijnig,grumpy,A2
conditie de,condition the,A2
discipline de,discipline the,A2
humeur het,mood the,A2
ict'er de,ICT worker the,A2
judo de,judo the,A2
onderdeel het,part the,A2
ophouden,to stop,A2
racefiets de,racing bicycle the,A2
relaxed,relaxed,A2
saai,boring,A2
spier de,muscle the,A2
spierpijn de,muscle pain the,A2
sportief,sporty,A2
sportschool de,gym the,A2
stilzitten,to sit still,A2
supporter de,supporter the,A2
teamsport de,team sport the,A2
totdat,until,A2
turnen,gymnastics the,A2
vast,fixed,A2
volleybal,volleyball,A2
vreselijk,terrible,A2
afdoen,to take off,A2
anderhalf,one and a half,A2
bovenkant de,top the,A2
bril de,glasses the,A2
föhnen,to blow dry,A2
geschikt,suitable,A2
gezicht het,face the,A2
grijs,grey,A2
groeien,to grow,A2
kleuren,to dye,A2
knap,good looking,A2
knippen,to cut,A2
model het,hairstyle the,A2
nek de,neck the,A2
overtuigen,to convince,A2
psycholoog de,psychologist the,A2
recht,straight,A2
rond,round,A2
shampoo de,shampoo the,A2
sluiten,to close,A2
spiegel de,mirror the,A2
verandering de,change the,A2
voordat,before,A2
zaak de,store the,A2
zich scheren,to shave,A2
bloedheet,very hot,A2
cadeau het,gift the,A2
extra,extra,A2
hotel het,hotel the,A2
jaloers,jealous,A2
jazeker,absolutely,A2
klimaat het,climate the,A2
laten zien,to show,A2
meemaken,to experience,A2
natuur de,nature the,A2
nul,zero,A2
oma de,grandma the,A2
perfect,perfect,A2
schijnen,to shine,A2
tijdelijk,temporarily,A2
uiteraard,of course,A2
uitgebreid,extensively,A2
uitrusten,to rest,A2
vliegen,to fly,A2
vliegticket de,airline ticket the,A2
voet de,foot the,A2
vriezen,to freeze,A2
wereld de,world the,A2
zee de,sea the,A2
zich voelen,to feel,A2
afspreken,to make an appointment,A2
alleenstaand,single,A2
cultuur de,culture the,A2
dalen,to decrease,A2
eindigen,to end,A2
gemiddeld,average,A2
gescheiden,divorced,A2
huwelijk het,marriage the,A2
ongetrouwd,unmarried,A2
ontmoeting de,encounter the,A2
opvoeding de,upbringing the,A2
partner de,partner the,A2
populair,popular,A2
relatie de,relationship the,A2
samenwonen,to live together,A2
scheiden,to divorce,A2
scheiding de,divorce the,A2
toenemen,to increase,A2
traditioneel,traditional,A2
uitstellen,to delay,A2
vanzelfsprekend,the natural thing to do,A2
verliefd,in love,A2
verwachting de,expectation the,A2
zorg de,care the,A2
zich voelen,to feel,A2
Azië,Asia,A2
bloem de,flower the,A2
bruidsboeket het,wedding bouquet the,A2
foto de,photo the,A2
fotograaf de,photographer the,A2
gast de,guest the,A2
hartstikke,extremely,A2
hopelijk,hopefully,A2
huwelijksreis de,honeymoon the,A2
nerveus,nervous,A2
niemand,nobody,A2
opa de,grandpa the,A2
papa,dad,A2
pech de,bad luck the,A2
regelen,to arrange,A2
regenen,to rain,A2
ring de,ring the,A2
stadhuis het,city hall the,A2
taart de,cake the,A2
trouwjurk de,wedding dress the,A2
uitzoeken,to pick out,A2
vergeten,to forget,A2
versturen,to send,A2
verwachten,to expect,A2
zich herinneren,to remember,A2
aardig,nice,A2
baard de,beard the,A2
blond,blond,A2
bruin,brown,A2
eigenwijs,stubborn,A2
gecondoleerd,sorry for your loss,A2
grap de,joke the,A2
grappig,funny,A2
herinnering de,memory the,A2
herkennen,to recognize,A2
huid de,skin the,A2
karakter het,character the,A2
krul de,curl the,A2
lengte de,length the,A2
lijken op,to resemble,A2
ongeduldig,impatient,A2
oog het,eye the,A2
oor het,ear the,A2
steil,straight,A2
tegenkomen,to run into,A2
toevallig,accidentally,A2
uiterlijk het,appearance the,A2
verdrietig,sad,A2
vrolijk,cheerful,A2
zich schamen,to be ashamed,A2
zulk(e),such,A2
aanrecht het,countertop the,A2
afwasmachine de,dishwasher the,A2
afwassen,to do the dishes,A2
apparaat het,device the,A2
bord het,plate the,A2
drogen,to dry,A2
droger de,dryer the,A2
droog,dry,A2
elektrisch,electric,A2
föhn de,hair dryer the,A2
haar het,hair the,A2
lenen,to borrow,A2
mama,mum,A2
ophangen,to hang up,A2
raar,weird,A2
spannend,exciting,A2
stofzuiger de,vacuum cleaner the,A2
strijken,to iron,A2
strijkijzer het,iron the,A2
tand de,tooth the,A2
tandenborstel de,toothbrush the,A2
vuil,dirty,A2
achteraf,afterwards,A2
afschrijven,to take out,A2
bankrekening de,bank account the,A2
besparen,to save,A2
dak het,roof the,A2
douche de,shower the,A2
elektriciteit de,electricity the,A2
energie de,energy the,A2
gas het,gas the,A2
genieten,to enjoy,A2
kosten de,costs the,A2
leverancier de,supplier the,A2
leveren,to supply,A2
maandelijks,monthly,A2
molen de,mill the,A2
onmiddellijk,immediately,A2
opladen,to charge,A2
plaatsen,to install,A2
rekening de,bill the,A2
steken,to plug,A2
stekker de,plug the,A2
stopcontact het,socket the,A2
storing de,outage the,A2
aanstaan,to be turned on,A2
aanzetten,to turn on,A2
bekend,known,A2
controleren,to check,A2
deken de,blanket the,A2
duurzaam,sustainable,A2
eenvoudig,simple,A2
halfvol,half full,A2
handdoek de,towel the,A2
laken het,sheet the,A2
merken,to notice,A2
ondergoed het,underwear the,A2
pyjama de,pyjamas the,A2
rij de,row the,A2
temperatuur de,temperature the,A2
tiental het,ten,A2
toilet het,toilet the,A2
uitdoen,to switch off,A2
uiteindelijk,in the end,A2
verlaten,to leave,A2
verstandig,sensible,A2
vervangen,to replace,A2
vriezer de,freezer the,A2
vullen,to fill,A2
zuinig,energy efficient,A2
afhankelijk,depending,A2
bevroren,frozen,A2
branden,to light up,A2
draaien,to turn,A2
drukken,to press,A2
drukte de,busyness the,A2
ergens,somewhere,A2
gisteren,yesterday,A2
knop de,button the,A2
kwartier het,quarter of an hour the,A2
lekken,to leak,A2
lukken,to succeed,A2
magnetron de,microwave the,A2
monteur de,mechanic the,A2
nat,wet,A2
opzoeken,to look up,A2
oven de,oven the,A2
programma het,programme the,A2
scherm het,screen the,A2
stuk,broken,A2
telkens,every time,A2
tijdstip het,time the,A2
type het,type the,A2
wassen,to wash,A2
zolder de,attic the,A2
aardrijkskunde de,geography the,A2
bedrag het,amount the,A2
biologie de,biology the,A2
bouwen,to build,A2
eerder,earlier,A2
Engels,English,A2
geschiedenis de,history the,A2
gymnastiek de,physical education the,A2
klas de,class the,A2
knutselen,to do crafts,A2
leerling de,pupil the,A2
lokaal het,classroom the,A2
meester de,male teacher the,A2
omgaan met,to interact with,A2
ontwikkeling de,development the,A2
pauze de,break the,A2
prestatie de,achievement the,A2
rekenen het,maths the,A2
religie de,religion the,A2
rennen,to run,A2
schoolreisje het,school trip the,A2
uitstapje het,outing the,A2
uniform het,uniform the,A2
vak het,subject the,A2
verplicht,obligated,A2
advocaat de,lawyer the,A2
automonteur de,car mechanic the,A2
beroep het,occupation the,A2
beslissen,to decide,A2
cijfer het,grade the,A2
diploma het,diploma the,A2
elektricien de,electrician the,A2
fysiotherapie de,physiotherapy the,A2
geneeskunde de,medicine the,A2
hbo het,higher professional education the,A2
inschrijven,to enrol,A2
interessant,interesting,A2
kapper de,hairdresser the,A2
keuze de,choice the,A2
middelbaar,secondary,A2
minimaal,minimally,A2
niveau het,level the,A2
onderwijs het,education the,A2
opleiding de,training the,A2
praktisch,practical,A2
slagen,to pass (an exam),A2
theoretisch,theoretical,A2
toekomst de,future the,A2
universiteit de,university the,A2
vroeger,in the old days,A2
wetenschappelijk,scientific,A2
zenuwachtig,nervous,A2
aandacht de,attention the,A2
actief,active,A2
bezoeken,to visit,A2
bijbaantje het,job on the side the,A2
bijles de,extra lesson the,A2
bijzonder,special,A2
campus de,campus the,A2
Chinees,Chinese,A2
gemotiveerd,motivated,A2
nauwelijks,barely,A2
ontzettend,extremely,A2
opvallen,to stand out,A2
piano de,piano the,A2
positief,positive,A2
presentatie de,presentation the,A2
presteren,to perform,A2
reis de,trip the,A2
samenwerken,to collaborate,A2
sportclub de,sports club the,A2
trouwens,by the way,A2
volgen,to follow,A2
workshop de,workshop the,A2
afhangen van,to depend on,A2
Arabisch,Arabic,A2
bedoeling de,intention the,A2
bereiken,to achieve,A2
bestaan,to exist,A2
besteden,to spend,A2
dichtbij,close to,A2
doel het,goal the,A2
doorgaan,to go through,A2
Duits,German,A2
gemakkelijk,easy,A2
grammatica de,grammar the,A2
interview het,interview the,A2
invloed de,influence the,A2
klank de,sound the,A2
lesmethode de,teaching method the,A2
moedertaal de,native language the,A2
motivatie de,motivation the,A2
negatief,negative,A2
onbekend,unknown,A2
staatsexamen NT2 het,NT2 state exam the,A2
taalcontact het,language contact the,A2
uitspraak de,pronunciation the,A2
uitspreken,to pronounce,A2
voordeel het,advantage the,A2
agenda de,agenda the,A2
als,when,A2
behoorlijk,rather,A2
binnenkort,soon,A2
gelijk,immediately,A2
heerlijk,delicious,A2
hockey de,(field) hockey the,A2
lastig,difficult,A2
meegaan,to come along,A2
omdat,because,A2
plezier het,pleasure the,A2
sauna de,sauna the,A2
sowieso,no matter what,A2
speciaal,special,A2
strand het,beach the,A2
trainen,to train,A2
training de,training the,A2
veld het,field the,A2
volwassene de,adult the,A2
voorlopig,for the time being,A2
wandelen,to walk,A2
wedstrijd de,match the,A2
zwembad het,swimming pool the,A2
zwemmen,to swim,A2
bedenken,to think of,A2
bovendien,in addition,A2
durven,to dare,A2
egoïstisch,selfish,A2
examen het,exam the,A2
excuus het,excuse the,A2
kwaad,angry,A2
liegen,to lie,A2
logeren,to stay over,A2
moeite de,trouble the,A2
neef de,nephew the,A2
nicht de,niece the,A2
ontdekken,to discover,A2
oppassen op,to care for,A2
plan het,plan the,A2
reizen,to travel,A2
schoonouders de,parents-in-law the,A2
smoes de,excuse the,A2
vast,fixed,A2
verzinnen,to make up,A2
vriendschap de,friendship the,A2
waarheid de,truth the,A2
zwager de,brother-in-law the,A2
afgesproken,it's a deal,A2
bar de,bar the,A2
bardienst de,bar duty the,A2
beurt de,turn the,A2
dienst de,duty the,A2
herfst de,autumn the,A2
hierheen,over here,A2
hoezo,why do you ask?,A2
kantine de,canteen the,A2
oom de,uncle the,A2
overnemen,to take over,A2
regen de,rain the,A2
rooster het,schedule the,A2
schoolplein het,schoolyard the,A2
super,super,A2
tante de,aunt the,A2
tentoonstelling de,exhibition the,A2
vereniging de,association the,A2
vieren,to celebrate,A2
vrijwilligerswerk het,volunteer work the,A2
wind de,wind the,A2
zonde,a waste,A2
aflopen,to end,A2
bedrijf het,company the,A2
behalve,except,A2
christelijk,Christian,A2
datum de,date the,A2
enzovoorts,and so on,A2
Europees,European,A2
Hemelvaart,Ascension Day,A2
herdenken,to commemorate,A2
Kerstmis,Christmas,A2
koning de,king the,A2
Koningsdag,King's Day,A2
midden het,middle the,A2
noorden het,north the,A2
officieel,official,A2
oorlog de,war the,A2
optreden het,performance the,A2
oranje,orange,A2
oud en nieuw,New Year's Eve and New Year's Day,A2
Pasen,Easter,A2
Pinksteren,Pentecost,A2
regio de,region the,A2
respect het,respect the,A2
scholier de,schoolkid the,A2
slachtoffer het,victim the,A2
stil,silent,A2
traditie de,tradition the,A2
voorjaar het,spring the,A2
zuiden het,south the,A2
aanrijden,to hit,A2
agent de,police officer the,A2
baas de,boss the,A2
belachelijk,ridiculous,A2
beloven,to promise,A2
boete de,fine the,A2
dezelfde,the same,A2
fietser de,cyclist the,A2
fietspad het,bike path the,A2
gevaarlijk,dangerous,A2
haast de,hurry the,A2
helm de,helmet the,A2
identiteitsbewijs het,proof of identity the,A2
onderweg,on the way,A2
onveilig,unsafe,A2
politie de,police the,A2
regel de,rule the,A2
stoep de,sidewalk the,A2
stoplicht het,traffic light the,A2
tegenwoordig,nowadays,A2
uitkijken,to watch out,A2
uitzondering de,exception the,A2
veilig,safe,A2
veranderen,to change,A2
voetganger de,pedestrian the,A2
zebrapad het,zebra crossing the,A2
arm de,arm the,A2
been het,leg the,A2
brand de,fire the,A2
breken,to break,A2
dagelijks,daily,A2
douchen,to shower,A2
fornuis het,stove the,A2
fout,wrong,A2
gewond,injured,A2
hand de,hand the,A2
heet,hot,A2
mes het,knife the,A2
ondertussen,meanwhile,A2
onhandig,clumsy,A2
oorzaak de,cause the,A2
overlijden,to die,A2
pan de,pan the,A2
schoonmaakmiddel het,cleaning product the,A2
schrikken,to get scared,A2
snijden,to cut,A2
televisie de,television the,A2
uitzetten,to turn off,A2
vallen,to fall,A2
verbranden,to burn,A2
voorkomen,to prevent,A2
weggaan,to leave,A2
actie de,action the,A2
basisschool de,primary school the,A2
einde het,end the,A2
handtekening de,signature the,A2
hard,hard,A2
heleboel een,lot of a,A2
hopen,to hope,A2
kapot,broken,A2
kilometer de,kilometre the,A2
kruispunt het,intersection the,A2
langzaam,slowly,A2
neerzetten,to install,A2
overkant de,other side (of the road) the,A2
oversteken,to cross,A2
radio de,radio the,A2
repareren,to repair,A2
snelheid de,speed the,A2
toen,then,A2
verlichting de,lighting the,A2
vorig,last,A2
weg de,road the,A2
wijk de,neighbourhood the,A2
zwanger,pregnant,A2
alarmnummer het,emergency number the,A2
ambulance de,ambulance the,A2
brandweer de,fire department the,A2
daarna,after that,A2
deur de,door the,A2
dief de,thief the,A2
getuige de,witness the,A2
geweld het,violence the,A2
inbreker de,burglar the,A2
jongere de,youngster the,A2
melden,to report,A2
melding de,notification the,A2
meteen,right away,A2
noodgeval het,emergency the,A2
om ... heen,around,A2
pagina de,page the,A2
politiebureau het,police station the,A2
slot het,lock the,A2
stelen,to steal,A2
team het,team the,A2
twijfelen,to doubt,A2
veiligheid de,safety the,A2
vertrouwen,to trust,A2
vreemd,strange,A2
waarschuwen,to warn,A2
A2/B1 - 1 - 1
comfortabel,comfortable,A2
dromen,to dream,A2
hechten,to attach,A2
interesseren,to interest,A2
klasgenoot de,classmate the,A2
lui,lazy,A2
maatschappij de,society the,A2
onafhankelijk,independent,A2
patiënt de,patient the,A2
prioriteit de,priority the,A2
promotie de,promotion the,A2
realistisch,realistic,A2
vanwege,because of,A2
verklaren,to explain,A2
verpleegkunde de,nursing the,A2
verpleegkundige de,nurse the,A2
verwennen,to spoil,A2
voldoening de,satisfaction the,A2
waarde de,value the,A2
zekerheid,certainty the,A2
zelden,rarely,A2
zo meteen,shortly,A2
zorgzaam,caring,A2
A2/B1 - 1 - 2
ambtenaar de,civil servant the,A2
daarentegen,on the other hand,A2
dansen,to dance,A2
discotheek de,disco the,A2
huiswerk het,homework the,A2
jeugd de,childhood the,A2
klus de,chore the,A2
lerares de,female teacher the,A2
meehelpen,to help,A2
onredelijk,unreasonable,A2
opstaan,to get up,A2
opvoeden,to raise (a child),A2
rapport het,report card the,A2
rechtvaardig,fair,A2
roddelen,to gossip,A2
snoep het,sweets the,A2
speelgoed het,toys the,A2
straf de,punishment the,A2
terugdenken,to think back,A2
tiener de,teenager the,A2
uitje het,outing the,A2
verantwoordelijkheid de,responsibility the,A2
verzorgd,well-groomed,A2
vuil het,dirt the,A2
A2/B1 - 1 - 3
zich bemoeien,to be involved,A2
aankomend,coming,A2
afstuderen,to graduate,A2
blijkbaar,apparently,A2
boeken,to book,A2
chic (chique),chic,A2
emotie de,emotion the,A2
emotioneel,emotional,A2
geïrriteerd,irritated,A2
mededeling de,announcement the,A2
menen,to mean,A2
nogmaals,again,A2
onzeker,unsure,A2
opgelucht,relieved,A2
optimistisch,optimistic,A2
sensationeel,sensational,A2
starten,to start,A2
tentamen het,exam the,A2
toen,when,A2
trillen,to shake,A2
trots,proud,A2
tweeling de,twins the,A2
verloofd,engaged,A2
verrassing de,surprise the,A2
zakken,to fail (an exam),A2
A2/B1 - 1 - 4
aanhebben,to wear,A2
accepteren,to accept,A2
fel,bright,A2
geslacht het,gender the,A2
hak de,heel the,A2
hip,hip,A2
hoewel,although,A2
hoofddoek de,headscarf the,A2
identiteit de,identity the,A2/B1
make-up de,make-up the,A2/B1
moslima de,Muslim woman the,A2/B1
opvallend,striking,A2/B1
pet de,cap the,A2/B1
rok de,skirt the,A2/B1
sieraad het,jewellery the,A2/B1
sneaker de,sneaker the,A2/B1
snor de,moustache the,A2/B1
stijl de,style the,A2/B1
strak,tight,A2/B1
tatoeage de,tattoo the,A2/B1
trend de,trend the,A2/B1
verplichten,to make mandatory,A2/B1
vrouwelijk,feminine,A2/B1
wijd,wide,A2/B1
zich kleden,to dress,A2/B1
A2/B1 - 2 - 1
afscheid het,goodbye the,A2/B1
architect de,architect the,A2/B1
behang het,wallpaper the,A2/B1
beige,beige,A2/B1
bestand het,file the,A2/B1
gekleurd,coloured,A2/B1
gordijn het,curtain the,A2/B1
gras het,grass the,A2/B1
hecht,close-knit,A2/B1
inrichting de,design the,A2/B1
intussen,in the meantime,A2/B1
kussen het,pillow the,A2/B1
levendig,lively,A2/B1
nieuwbouw de,new buildings the,A2/B1
ontwerpen,to design,A2/B1
plant de,plant the,A2/B1
plein het,square the,A2/B1
ruim,large,A2/B1
tapijt het,carpet the,A2/B1
uitkiezen,to choose,A2/B1
vanuit,from,A2/B1
villa de,villa the,A2/B1
vliegveld het,airport the,A2/B1
waanzinnig,amazingly,A2/B1
A2/B1 - 2 - 2
aanbod het,offer the,A2/B1
afgelegen,remote,A2/B1
bouwmarkt de,DIY store the,A2/B1
Duitsland,Germany,A2/B1
eind het,a long way,A2/B1
grens de,border the,A2/B1
grond de,ground the,A2/B1
hert het,deer the,A2/B1
hoek de,corner the,A2/B1
horeca de,hotels restaurants and cafés,A2/B1
landelijk,rural,A2/B1
langsgaan,to visit,A2/B1
onlangs,recently,A2/B1
optie de,option the,A2/B1
platteland het,countryside the,A2/B1
polder de,polder the,A2/B1
Randstad de,Randstad the (metropolitan region),A2/B1
sinds,since,A2/B1
spits de,rush hour the,A2/B1
spoor het,train tracks the,A2/B1
stedentrip de,city trip the,A2/B1
theater het,theatre the,A2/B1
voorziening de,facility the,A2/B1
warenhuis het,department store the,A2/B1
A2/B1 - 2 - 3
aansluiten,to connect,A2/B1
af,finished,A2/B1
afronden,to complete,A2/B1
blad het,leaf the,A2/B1
boormachine de,drill the,A2/B1
dakgoot de,gutter the,A2/B1
draad de,wire the,A2/B1
gereedschap het,tools the,A2/B1
installeren,to install,A2/B1
kabel de,cable the,A2/B1
kozijn het,window frame the,A2/B1
ladder de,ladder the,A2/B1
meterkast de,meter box the,A2/B1
plafond het,ceiling the,A2/B1
rookmelder de,smoke detector the,A2/B1
schroef de,screw the,A2/B1
schroevendraaier de,screwdriver the,A2/B1
snoer het,cord the,A2/B1
tang de,pliers the,A2/B1
tegel de,tile the,A2/B1
uitschakelen,to switch off,A2/B1
vastmaken,to attach,A2/B1
verlengen,to extend,A2/B1
verstand het,knowledge the,A2/B1
verven,to paint,A2/B1
A2/B1 - 2 - 4
achtergrond de,background the,A2/B1
asiel het,asylum the,A2/B1
bijkomen,to recuperate,A2/B1
conflict het,conflict the,A2/B1
continent het,continent the,A2/B1
diagram het,diagram the,A2/B1
dichtbevolkt,densely populated,A2/B1
doordat,because,A2/B1
economisch,economic,A2/B1
gebied het,area the,A2/B1
gelijk,equally,A2/B1
groei de,growth the,A2/B1
hoogopgeleide de,highly educated person the,A2/B1
inburgeren,to integrate,A2/B1
jaarlijks,annually,A2/B1
krimpen,to shrink,A2/B1
migratie de,migration the,A2/B1
motief het,motive the,A2/B1
overigens,by the way,A2/B1
politiek,political,A2/B1
relatief,relatively,A2/B1
religieus,religious,A2/B1
samenleving de,society the,A2/B1
vergelijking de,comparison the,A2/B1
vergrijzing de,ageing the,A2/B1
vluchten,to flee,A2/B1
zich vestigen,to settle,A2/B1
A2/B1 - 3 - 1
aannemen,to accept,A2/B1
alleen,however,A2/B1
alsof,as if,A2/B1
alvast,already,A2/B1
amper,hardly any,A2/B1
bank de,bank the,A2/B1
glad,slippery,A2/B1
heftig,bad,A2/B1
inbraak de,burglary the,A2/B1
inmiddels,by now,A2/B1
kok de,cook the,A2/B1
mistig,foggy,A2/B1
motor de,motorcycle the,A2/B1
pardon,excuse me,A2/B1
rijles de,driving lesson the,A2/B1
schoonfamilie de,in-laws the,A2/B1
schuur de,barn the,A2/B1
stoer,cool,A2/B1
tenminste,at least,A2/B1
troep de,mess the,A2/B1
uit eten,(to go) out to eat,A2/B1
uitslapen,to sleep in,A2/B1
vasthouden,to hold,A2/B1
verliezen,to lose,A2/B1
voorzichtig,careful,A2/B1
A2/B1 - 3 - 2
aanleren,to teach,A2/B1
afruimen,to clear,A2/B1
bad het,bath the,A2/B1
bakken,to bake,A2/B1
bestek het,cutlery the,A2/B1
blaadje het,piece of paper the,A2/B1
compliment het,compliment the,A2/B1
discussie de,discussion the,A2/B1
helder,clear,A2/B1
herhalen,to repeat,A2/B1
inpakken,to pack,A2/B1
kortom,in short,A2/B1
lunch de,lunch the,A2/B1
meerdere,multiple,A2/B1
negeren,to ignore,A2/B1
regelmaat de,regularity the,A2/B1
slaan,to hit,A2/B1
smeren,to make (a sandwich),A2/B1
steun de,support the,A2/B1
structuur de,structure the,A2/B1
toestemming de,permission the,A2/B1
uiterlijk,at the latest,A2/B1
vermoeid,tired,A2/B1
zelfvertrouwen het,self-confidence the,A2/B1
zich ergeren,to be irritated,A2/B1
A2/B1 - 3 - 3
begraafplaats de,cemetery the,A2/B1
begrafenis de,funeral the,A2/B1
bidden,to pray,A2/B1
condoleren,to offer one's condolences,A2/B1
crematie de,cremation the,A2/B1
diner het,dinner the,A2/B1
favoriet,favourite,A2/B1
fit,fit,A2/B1
graf het,grave the,A2/B1
hapje het,snack the,A2/B1
kerkdienst de,(church) service the,A2/B1
kist de,casket the,A2/B1
koor het,choir the,A2/B1
liedje het,song the,A2/B1
men,people,A2/B1
ontroerend,touching,A2/B1
overmorgen,the day after tomorrow,A2/B1
plaatsvinden,to take place,A2/B1
ritueel het,ritual the,A2/B1
somber,gloomy,A2/B1
sterven,to die,A2/B1
troosten,to comfort,A2/B1
uitvaart de,funeral the,A2/B1
verdriet het,sadness the,A2/B1
zingen,to sing,A2/B1
A2/B1 - 3 - 4
aanmoedigen,to encourage,A2/B1
avontuur het,adventure the,A2/B1
balen,to be sad,A2/B1
chocola de,chocolate the,A2/B1
discussiëren,to have a discussion,A2/B1
eindeloos,endlessly,A2/B1
excursie de,excursion the,A2/B1
extreem,extreme,A2/B1
geheim het,secret the,A2/B1
geruststellen,to reassure,A2/B1
gitaar de,guitar the,A2/B1
kroeg de,pub the,A2/B1
liefs,love,A2/B1
overeenkomst de,similarity the,A2/B1
psychologie de,psychology the,A2/B1
rechten de,law,A2/B1
steunen,to support,A2/B1
stiekem,secretly,A2/B1
sympathiek,sympathetic,A2/B1
verdwalen,to get lost,A2/B1
verlegen,shy,A2/B1
volwassen,adult,A2/B1
waarderen,to appreciate,A2/B1
wensen,to wish,A2/B1
zodra,as soon as,A2/B1
A2/B1 - 13 - 1
aanhef de,salutation the,A2/B1
beledigen,to insult,A2/B1
benaderen,to approach,A2/B1
bevriend,to be friends with,A2/B1
concurrent de,competitor the,A2/B1
consultant de,consultant the,A2/B1
desondanks,nevertheless,A2/B1
gastvrij,hospitable,A2/B1
gepast,appropriate,A2/B1
gunnen,to decide to give,A2/B1
hiërarchisch,hierarchical,A2/B1
hiervoor,prior to this,A2/B1
hoofd het,head the,A2/B1
inleiding de,introduction the,A2/B1
kritiek de,criticism the,A2/B1
kwetsend,hurtful,A2/B1
nuance de,nuance the,A2/B1
onbegrijpelijk,incomprehensible,A2/B1
onbewust,unconsciously,A2/B1
personeelsuitje het,staff outing the,A2/B1
sarcasme het,sarcasm the,A2/B1
transparant,transparent,A2/B1
transport het,transport the,A2/B1
uiten,to express,A2/B1
vakbond de,union the,A2/B1
vergaderen,to have a meeting,A2/B1
voortdurend,continuously,A2/B1
zich verheugen op,to look forward to,A2/B1
A2/B1 - 13 - 2
betrokken,involved,A2/B1
correct,correct,A2/B1
corrigeren,to correct,A2/B1
doorwerken,to continue working,A2/B1
evalueren,to evaluate,A2/B1
feedback de,feedback the,A2/B1
georganiseerd,organized,A2/B1
getal het,number the,A2/B1
houding de,attitude the,A2/B1
krap,tight,A2/B1
namens,on behalf of,A2/B1
ontevreden,dissatisfied,A2/B1
ontkennen,to deny,A2/B1
opengaan,to open,A2/B1
serveerster de,waitress the,A2/B1
spelfout de,spelling error the,A2/B1
spelling de,spelling the,A2/B1
tempo het,pace the,A2/B1
terecht,justified,A2/B1
vandaar,therefore,A2/B1
verbeterpunt het,area for improvement the,A2/B1
verslag het,report the,A2/B1
verwisselen,to mix up,A2/B1
wijzen,to point out,A2/B1
zich vergissen,to make a mistake,A2/B1
zorgvuldig,careful,A2/B1
A2/B1 - 13 - 3
accountant de,accountant the,A2/B1
afwijken,to deviate,A2/B1
beloning de,pay the,A2/B1
bewijzen,to prove,A2/B1
compenseren,to compensate,A2/B1
compromis het,compromise the,A2/B1
effectief,effective,A2/B1
exclusief,excluding,A2/B1
fenomeen het,phenomenon the,A2/B1
geconcentreerd,concentrated,A2/B1
indienen,to submit,A2/B1
motiveren,to motivate,A2/B1
norm de,norm the,A2/B1
overuren de,overtime the,A2/B1
per se,no matter what,A2/B1
personeel het,personnel the,A2/B1
raadplegen,to consult,A2/B1
reclamebureau het,advertising agency the,A2/B1
standaard de,norm the,A2/B1
thuiswerken,to work from home,A2/B1
uitbetalen,to pay,A2/B1
wekelijks,weekly,A2/B1
wetenschapper de,scientist the,A2/B1
A2/B1 - 13 - 4
afleiding de,distraction the,A2/B1
bloot,bare,A2/B1
braaf,well-behaved,A2/B1
combineren,to combine,A2/B1
drank de,drink the,A2/B1
dreigen,to threaten,A2/B1
geheimzinnig,mysterious,A2/B1
gemeenschappelijk,common,A2/B1
gerucht het,rumour the,A2/B1
gezelligheid de,conviviality the,A2/B1
hoera,hurray,A2/B1
meerderheid de,majority the,A2/B1
mond de,mouth the,A2/B1
nuchter,sober,A2/B1
opvatting de,view the,A2/B1
recentelijk,recently,A2/B1
roddel de,gossip the,A2/B1
schijnen,to seem,A2/B1
tegenstelling de,contrast the,A2/B1
tunnel de,tunnel the,A2/B1
verlof het,leave the,A2/B1
vertrouwelijk,confidential,A2/B1
vredig,peaceful,A2/B1
A2/B1 - 12 - 1
aanspreken,to talk to,A2/B1
begeleider de,supervisor the,A2/B1
begeleiding de,guidance the,A2/B1
beginnend,starting,A2/B1
beheersen,to be proficient in,A2/B1
beschikken over,to have,A2/B1
beschrijving de,description the,A2/B1
bijvoegen,to attach,A2/B1
competentie de,competence the,A2/B1
enthousiasme het,enthusiasm the,A2/B1
flexibiliteit de,flexibility the,A2/B1
gedurende,during,A2/B1
gelegenheid de,opportunity the,A2/B1
humor de,humour the,A2/B1
inclusief,including,A2/B1
natuurkunde de,physics the,A2/B1
onderbouw de,junior classes of secondary education the,A2/B1
onderbreken,to cut short,A2/B1
opzetten,to set up,A2/B1
overdragen,to transfer,A2/B1
persoonlijkheid de,personality the,A2/B1
project het,project the,A2/B1
relevant,relevant,A2/B1
toelichten,to explain,A2/B1
voortzetten,to continue,A2/B1
wijze de,manner the,A2/B1
wo het,university education the,A2/B1
zich inleven,to empathize,A2/B1
A2/B1 - 12 - 2
aankondiging de,announcement the,A2/B1
aanwezigheid de,presence the,A2/B1
aarzelen,to hesitate,A2/B1
achterin,at the back,A2/B1
bevallen,to like,A2/B1
dossier het,file the,A2/B1
etage de,floor the,A2/B1
exact,exactly,A2/B1
indelen,to arrange,A2/B1
kapstok de,coat rack the,A2/B1
kopiëren,to copy,A2/B1
opbergen,to store,A2/B1
printen,to print,A2/B1
printer de,printer the,A2/B1
schoolbord het,blackboard the,A2/B1
schuiven,to move (around),A2/B1
uitkijken naar,to look forward to,A2/B1
verderop,further down,A2/B1
voorin,in the front,A2/B1
voorstellen,to suggest,A2/B1
A2/B1 - 12 - 3
aangenaam,pleased,A2/B1
administratief,administrative,A2/B1
begrijpelijk,understandable,A2/B1
brugklas de,first year of secondary education the,A2/B1
concreet,concrete,A2/B1
coördinator de,coordinator the,A2/B1
creëren,to create,A2/B1
grotendeels,largely,A2/B1
inlichten,to inform,A2/B1
kandidaat de,candidate the,A2/B1
kennismaken,to meet,A2/B1
komst de,coming,A2/B1
leider de,leader the,A2/B1
nadat,after,A2/B1
natuurlijk,natural,A2/B1
opstellen,to draw up,A2/B1
orde de,order the,A2/B1
overeenkomen,to be the same,A2/B1
procedure de,procedure the,A2/B1
scheikunde de,chemistry the,A2/B1
uitkomst de,outcome the,A2/B1
voorafgaand,prior (to),A2/B1
wellicht,maybe,A2/B1
zwak,weak,A2/B1
A2/B1 - 12 - 4
afkeer de,aversion the,A2/B1
doorgaans,usually,A2/B1
gekoeld,refrigerated,A2/B1
handel de,trade the,A2/B1
importeren,to import,A2/B1
industrie de,industry the,A2/B1
industrieterrein het,industrial zone the,A2/B1
investeren,to invest,A2/B1
kracht de,power the,A2/B1
kruid het,herb the,A2/B1
langzamerhand,gradually,A2/B1
omzet de,turnover the,A2/B1
onderneming de,business the,A2/B1
oprichten,to set up,A2/B1
pand het,building the,A2/B1
rondlopen,to walk around,A2/B1
sector de,sector the,A2/B1
slachten,to slaughter,A2/B1
slachthuis het,abattoir the,A2/B1
slagerij de,butcher shop the,A2/B1
subsidie de,subsidy the,A2/B1
telefoontje het,phone call the,A2/B1
vel het,skin the,A2/B1
verslaving de,addiction the,A2/B1
waarmaken,to realize,A2/B1
winst de,profit the,A2/B1
woedend,furious,A2/B1
zonsopgang de,sunrise the,A2/B1
A2/B1 - 11 - 1
bezeren,to hurt,A2/B1
binnenkant de,inside the,A2/B1
blessure de,injury the,A2/B1
buigen,to bend,A2/B1
diagnose de,diagnosis the,A2/B1
fysiotherapeut de,physiotherapist the,A2/B1
gezwollen,swollen,A2/B1
kneuzen,to bruise,A2/B1
leunen,to lean (on),A2/B1
nader,further,A2/B1
oefening de,exercise the,A2/B1
pijnlijk,painful,A2/B1
plannen,to plan,A2/B1
rusten,to rest,A2/B1
strekken,to stretch,A2/B1
verbetering de,improvement the,A2/B1
verminderen,to lessen,A2/B1
verwijzen,to refer,A2/B1
vocht het,fluid the,A2/B1
voorschrijven,to prescribe,A2/B1
zich verplaatsen,to move,A2/B1
A2/B1 - 11 - 2
afkomen van,to get rid of,A2/B1
balans de,balance the,A2/B1
beschouwen,to consider,A2/B1
combinatie de,combination the,A2/B1
concentratie de,concentration the,A2/B1
crisis de,crisis the,A2/B1
definitie de,definition the,A2/B1
depressief,depressed,A2/B1
enkel(e),a few,A2/B1
erfelijkheid de,heredity the,A2/B1
factor de,factor the,A2/B1
frequent,frequent,A2/B1
gebrek het,lack the,A2/B1
hoop de,hope the,A2/B1
ingrijpend,drastic,A2/B1
levensstijl de,lifestyle the,A2/B1
oordeel het,opinion the,A2/B1
overkomen,to happen,A2/B1
relativeren,to put into perspective,A2/B1
rouw de,mourning the,A2/B1
schaamte de,shame the,A2/B1
slapeloosheid de,insomnia the,A2/B1
stoornis de,disorder the,A2/B1
symptoom het,symptom the,A2/B1
traumatisch,traumatic,A2/B1
voeding de,nutrition the,A2/B1
volop,greatly,A2/B1
werkelijkheid de,reality the,A2/B1
essentieel,essential,A2/B1
A2/B1 - 11 - 3
atleet de,athlete the,A2/B1
calorie de,calorie the,A2/B1
cruciaal,crucial,A2/B1
daadwerkelijk,actually,A2/B1
dieet het,diet the,A2/B1
diëtist de,dietician the,A2/B1
energiek,energetic,A2/B1
functioneren,to function,A2/B1
geobsedeerd,obsessed,A2/B1
gestrest,stressed,A2/B1
kwestie de,matter the,A2/B1
meditatie de,meditation the,A2/B1
obsessie de,obsession the,A2/B1
opleveren,to cause,A2/B1
overgewicht het,obesity the,A2/B1
productief,productive,A2/B1
recept het,recipe the,A2/B1
samenvatten,to summarize,A2/B1
suf,drowsy,A2/B1
tellen,to count,A2/B1
vitamine de,vitamin the,A2/B1
zich afvragen,to wonder,A2/B1
zich bezighouden,to busy oneself,A2/B1
zich ontspannen,to relax,A2/B1
A2/B1 - 11 - 4
bacterie de,bacterium the,A2/B1
beoordelen,to assess,A2/B1
beugel de,braces the,A2/B1
bloeden,to bleed,A2/B1
chirurg de,surgeon the,A2/B1
gebit het,teeth the,A2/B1
jarenlang,for years,A2/B1
kaak de,jaw the,A2/B1
kies de,molar the,A2/B1
mondhygiënist de,dental hygienist the,A2/B1
naar,unpleasant,A2/B1
ontsteking de,inflammation the,A2/B1
ontstoken,inflamed,A2/B1
opereren,to perform surgery,A2/B1
orthodontist de,orthodontist the,A2/B1
schuin,under an angle,A2/B1
tandenstoker de,toothpick the,A2/B1
tandpasta de,toothpaste the,A2/B1
tandsteen het,tartar the,A2/B1
tandvlees het,gums the,A2/B1
tenzij,unless,A2/B1
trauma het,trauma the,A2/B1
trekken,to pull,A2/B1
verstandskies de,wisdom tooth the,A2/B1
verwijsbrief de,referral letter the,A2/B1
A2/B1 - 10 - 1
aanraken,to touch,A2/B1
alternatief het,alternative the,A2/B1
belangstelling de,interest the,A2/B1
bijhouden,to track,A2/B1
conservatief,conservative,A2/B1
cynisch,cynical,A2/B1
daten,to date,A2/B1
doorsturen,to send on,A2/B1
gebruiksvriendelijk,user-friendly,A2/B1
geregeld,regularly,A2/B1
grafiek de,graph the,A2/B1
instellen,to set up,A2/B1
kaart de,map the,A2/B1
meten,to measure,A2/B1
navigatie de,navigation the,A2/B1
nostalgisch,nostalgic,A2/B1
nut het,use(fulness) the,A2/B1
opname de,recording the,A2/B1
scherp,sharp,A2/B1
staren,to stare,A2/B1
testen,to test,A2/B1
toegeven,to admit,A2/B1
toestel het,apparatus the,A2/B1
vernieuwing de,innovation the,A2/B1
wantrouwen het,mistrust the,A2/B1
A2/B1 - 10 - 2
afzender de,sender the,A2/B1
besmetten,to infect,A2/B1
bevatten,to contain,A2/B1
bijlage de,attachment the,A2/B1
filter de,filter the,A2/B1
fraude de,fraud the,A2/B1
gebruikmaken van,to use,A2/B1
gewelddadig,violent,A2/B1
invoeren,to enter,A2/B1
minderjarig,underage,A2/B1
misbruiken,to abuse,A2/B1
nep,fake,A2/B1
ongepast,inappropriate,A2/B1
plegen,to commit,A2/B1
raadplegen,to consult,A2/B1
stichting de,foundation the,A2/B1
teken het,character the,A2/B1
uitloggen,to log out,A2/B1
vals,false.,A2/B1
variatie de,variation the,A2/B1
vermijden,to avoid,A2/B1
verwijderen,to delete,A2/B1
virus het,virus the,A2/B1
voorlichting de,information the,A2/B1
zoekmachine de,search engine the,A2/B1
zolang,as long as,A2/B1
A2/B1 - 10 - 3
aangezien,since,A2/B1
balie de,reception desk the,A2/B1
beleid het,policy the,A2/B1
bijwonen,to attend,A2/B1
directie de,management the,A2/B1
dringend,urgent,A2/B1
foutmelding de,error message the,A2/B1
frustrerend,frustrating,A2/B1
gezeur het,nonsense the,A2/B1
handleiding de,manual the,A2/B1
herstellen,to restore,A2/B1
onjuist,incorrect,A2/B1
ontbreken,to lack,A2/B1
opstarten,to start up,A2/B1
poging de,attempt the,A2/B1
puur,pure,A2/B1
recent,recently,A2/B1
sessie de,session the,A2/B1
standaard,standard,A2/B1
uitleg de,explanation the,A2/B1
vereist,required,A2/B1
verschijnen,to appear,A2/B1
verspilling de,waste the,A2/B1
vlug,quickly,A2/B1
vooruit,forward,A2/B1
A2/B1 - 10 - 4
afname de,decline the,A2/B1
arm,poor,A2/B1
armoede de,poverty the,A2/B1
bedreiging de,threat the,A2/B1
beïnvloeden,to affect,A2/B1
conclusie de,conclusion the,A2/B1
eigenschap de,characteristic the,A2/B1
fabriek de,factory the,A2/B1
intelligent,intelligent,A2/B1
kunstmatig,artificial,A2/B1
landbouw de,agriculture the,A2/B1
lever de,liver the,A2/B1
menselijk,human,A2/B1
nier de,kidney the,A2/B1
orgaan het,organ the,A2/B1
produceren,to produce,A2/B1
productie de,production the,A2/B1
robot de,robot the,A2/B1
solidariteit de,solidarity the,A2/B1
technologisch,technological,A2/B1
tekort het,shortage the,A2/B1
toekomstig,future,A2/B1
tolerantie de,tolerance the,A2/B1
uitvinding de,invention the,A2/B1
voedsel het,food the,A2/B1
A2/B1 - 9 - 1
aanspreken,to talk to,A2/B1
alarm het,alarm the,A2/B1
beheer het,management the,A2/B1
beveiligen,to safeguard,A2/B1
beveiliger de,security guard the,A2/B1
beveiliging‚ de,security the,A2/B1
bewaken,to guard,A2/B1
bezoeker de,visitor the,A2/B1
bord het,sign the,A2/B1
discriminatie de,discrimination the,A2/B1
goedkeuring de,approval the,A2/B1
hulpverlener de,first responder the,A2/B1
intimidatie de,harassment the,A2/B1
kalm,calm,A2/B1
nood de,emergency the,A2/B1
omgangsvorm de,social behaviour the,A2/B1
ongewenst,unwanted,A2/B1
opslaan,to store,A2/B1
pesten,to bully,A2/B1
protocol het,protocol the,A2/B1
seksueel,sexual,A2/B1
toegankelijk,accessible,A2/B1
toezicht het,supervision the,A2/B1
uitsluitend,only,A2/B1
verdacht,suspicious,A2/B1
verlies het,loss the,A2/B1
vertrouwenspersoon de,confidential adviser the,A2/B1
A2/B1 - 9 - 2
(buurt)preventie de,(neighbourhood) watch the,A2/B1
alert,alert,A2/B1
bedreigen,to threaten,A2/B1
beroven,to rob,A2/B1
criminaliteit de,crime the,A2/B1
crimineel de,criminal the,A2/B1
dader de,offender the,A2/B1
dierbaar,beloved,A2/B1
drugs de,drugs the,A2/B1
dwingen,to force,A2/B1
hangjongeren de,loitering youths the,A2/B1
inbreken,to burgle,A2/B1
juwelier de,jeweller the,A2/B1
misdrijf het,felony the,A2/B1
onschuldig,innocent,A2/B1
overval de,robbery the,A2/B1
pistool het,gun the,A2/B1
puinhoop de,mess the,A2/B1
steen de,stone the,A2/B1
tak de,branch the,A2/B1
vernieling de,vandalism the,A2/B1
zich aansluiten,to join,A2/B1
zonnebril de,sunglasses the,A2/B1
A2/B1 - 9 - 3
aanrijding de,collision the,A2/B1
afslag de,exit the,A2/B1
automobilist de,driver of a car the,A2/B1
breed,wide,A2/B1
brug de,bridge the,A2/B1
chauffeur de,driver the,A2/B1
gas geven,to accelerate,A2/B1
gevaar het,danger the,A2/B1
gordel de,seatbelt the,A2/B1
instructeur de,instructor the,A2/B1
maximum het,maximum the,A2/B1
oppassen,to watch out,A2/B1
remmen,to brake,A2/B1
rotonde de,roundabout the,A2/B1
schakelen,to shift gears,A2/B1
smal,narrow,A2/B1
stuur het,steering wheel the,A2/B1
tanken,to fill up (with fuel),A2/B1
tankstation het,petrol station the (US: gas station the),A2/B1
theorie de,theory the,A2/B1
tot,until,A2/B1
uitdelen,to hand out,A2/B1
versnelling de,gear the,A2/B1
voorgaan,to go ahead,A2/B1
voorrang de,right of way the,A2/B1
vooruit,forward,A2/B1
vrachtwagen de,truck the,A2/B1
A2/B1 - 9 - 4
besluit het,decision the,A2/B1
diep,deep,A2/B1
EHBO de,first aid the,A2/B1
gedeelte het,part the,A2/B1
gigantisch,gigantic,A2/B1
herkomst de,origin the,A2/B1
informeren,to inform,A2/B1
oceaan de,ocean the,A2/B1
ontspanning de,relaxation the,A2/B1
redden,to rescue,A2/B1
schitterend,gorgeous,A2/B1
strandwacht de,lifeguard the,A2/B1
stressvol,stressful,A2/B1
stroming de,current the,A2/B1
surfen,to surf,A2/B1
verdrinken,to drown,A2/B1
vermist,missing,A2/B1
vijand de,enemy the,A2/B1
vijver de,pond the,A2/B1
zeilen,to sail,A2/B1
zich gedragen,to behave oneself,A2/B1
zwemdiploma het,swimming diploma the,A2/B1
zwemles de,swimming lesson the,A2/B1
A2/B1 - 8 - 1
achterlaten,to leave,A2/B1
afzeggen,to cancel,A2/B1
beëindigen,to end,A2/B1
benadrukken,to emphasize,A2/B1
beperking de,limitation the,A2/B1
bevestiging de,confirmation the,A2/B1
blokkeren,to get tongue-tied,A2/B1
boodschap de,message the,A2/B1
context de,context the,A2/B1
efficiënt,efficient,A2/B1
generatie de,generation the,A2/B1
instantie de,organization the,A2/B1
inzicht het,insight the,A2/B1
medeleven het,compassion the,A2/B1
mondeling,oral,A2/B1
onrustig,restless,A2/B1
ontslaan,to fire,A2/B1
ontvanger de,recipient the,A2/B1
oproep de,call the,A2/B1
reageren,to respond,A2/B1
spontaan,spontaneous,A2/B1
storen,to bother,A2/B1
toon de,tone the,A2/B1
uitdrukken,to express,A2/B1
volume het,volume the,A2/B1
waardevol,valuable,A2/B1
zich verontschuldigen,to apologize,A2/B1
A2/B1 - 8 - 2
aanleiding de,reason the,A2/B1
aanpassen,to adapt,A2/B1
asociaal,antisocial,A2/B1
barbecue de,barbecue the,A2/B1
beperkt,limited,A2/B1
betreffen,to concern,A2/B1
essentieel,essential,A2/B1
fluisteren,to whisper,A2/B1
gehorig,not soundproof,A2/B1
herinneren aan,to remind of,A2/B1
huurder de,tenant the,A2/B1
luid,loud,A2/B1
maatregel de,measure the,A2/B1
omstandigheid de,circumstance the,A2/B1
onvoldoende,insufficient,A2/B1
oppervlakte de,surface area the,A2/B1
overtreden,to violate,A2/B1
reglement het,regulation the,A2/B1
rook de,smoke the,A2/B1
schreeuwen,to shout,A2/B1
stank de,stench the,A2/B1
verbazen,to surprise,A2/B1
verboden,prohibited,A2/B1
verzoeken,to request,A2/B1
voorstellen,to suggest,A2/B1
voorzitter de,chairman the,A2/B1
waarschuwing de,warning the,A2/B1
A2/B1 - 8 - 3
aannemen,to accept,A2/B1
aansluiting de,connection the,A2/B1
begrip het,understanding the,A2/B1
bestaand,existing,A2/B1
eisen,to demand,A2/B1
flink,considerable,A2/B1
gebruiksaanwijzing de,instruction manual the,A2/B1
helpdesk de,help desk the,A2/B1
instelling de,setting the,A2/B1
keuzemenu het,options menu the,A2/B1
logisch,logical,A2/B1
modem de,modem the,A2/B1
momenteel,currently,A2/B1
onbeperkt,unlimited,A2/B1
ongemak het,inconvenience the,A2/B1
overig,other,A2/B1
slordig,careless,A2/B1
tegelijkertijd,at the same time,A2/B1
uitpakken,to unpack,A2/B1
verbinden,to connect,A2/B1
wifi de,Wi-Fi the,A2/B1
wijzigen,to change,A2/B1
wijziging de,change the,A2/B1
A2/B1 - 8 - 4
afwijzen,to turn down,A2/B1
bagage de,luggage the,A2/B1
beschuldigen,to accuse,A2/B1
expliciet,explicitly,A2/B1
expres,on purpose,A2/B1
garage de,garage the,A2/B1
gemeen,mean,A2/B1
hal de,hall the,A2/B1
impliciete,implicit,A2/B1
koffer de,suitcase the,A2/B1
landen,to land,A2/B1
onterecht,undeserved,A2/B1
onzin de,nonsense the,A2/B1
rekenen op,to count on,A2/B1
springen,to jump,A2/B1
teleurstelling de,disappointment the,A2/B1
terrein het,terrain the,A2/B1
vastleggen,to set down,A2/B1
verdedigen,to defend,A2/B1
verlopen,to go (well),A2/B1
verwarrend,confusing,A2/B1
verwijten,to blame,A2/B1
zich realiseren,to realize,A2/B1
zojuist,just a moment ago,A2/B1
A2/B1 - 7 - 1
achterstand de,deficiency the,A2/B1
asielzoekerscentrum het (azc),asylum seekers' centre the,A2/B1
automaat de,machine the,A2/B1
band de,bond the,A2/B1
begeleiden,to guide,A2/B1
beperken,to limit,A2/B1
betrekken,to involve,A2/B1
commercieel,commercial,A2/B1
degene,the one,A2/B1
divers(e),various,A2/B1
hersenen de,brain the,A2/B1
integratie de,integration the,A2/B1
mentor de,mentor the,A2/B1
ondersteunen,to support,A2/B1
ontstaan,to develop,A2/B1
puberteit de,puberty the,A2/B1
pushen,to push,A2/B1
rol de,role the,A2/B1
stagiaire de,intern the,A2/B1
succesvol,successful,A2/B1
vermoeiend,exhausting,A2/B1
waardering,appreciation the,A2/B1
werkzaam,working,A2/B1
zakelijk,business,A2/B1
zich richten op,to focus on,A2/B1
A2/B1 - 7 - 2
avontuurlijk,adventurous,A2/B1
bejaarde de,the elderly person the,A2/B1
chillen,to chill,A2/B1
doorzetten,to hang in,A2/B1
ervaren,to experience,A2/B1
fantaseren,to fantasize,A2/B1
getalenteerd,talented,A2/B1
inzet de,effort the,A2/B1
journalist de,journalist the,A2/B1
moed de,courage the,A2/B1
motiveren,to motivate,A2/B1
onderhouden,to maintain,A2/B1
ontslag het,resignation the,A2/B1
passie de,passion the,A2/B1
pessimistisch,pessimistic,A2/B1
piekeren,to worry,A2/B1
programmeren,to program,A2/B1
schilderen,to paint,A2/B1
schrijver de,writer the,A2/B1
stabiel,stable,A2/B1
terugkeren,to return,A2/B1
tonen,to show,A2/B1
uitdaging de,challenge the,A2/B1
werkgelegenheid de,employment the,A2/B1
A2/B1 - 7 - 3
aantonen,to show,A2/B1
ambitie de,ambition the,A2/B1
aspect het,aspect the,A2/B1
associëren,to associate,A2/B1
bestrijden,to fight,A2/B1
crème de,cream the,A2/B1
definitief,definitive,A2/B1
dementie de,dementia the,A2/B1
dood de,death the,A2/B1
filosoof de,philosopher the,A2/B1
fobie de,phobia the,A2/B1
geestelijk,mentally,A2/B1
geïnteresseerd,interested,A2/B1
kaal,bald,A2/B1
kanker de,cancer the,A2/B1
lichamelijk,physically,A2/B1
onvermijdelijk,inevitable,A2/B1
operatie de,operation the,A2/B1
plastische chirurgie de,plastic surgery the,A2/B1
proces het,process the,A2/B1
rimpel de,wrinkle the,A2/B1
stijging de,increase the,A2/B1
tegengaan,to prevent,A2/B1
verdubbelen,to double,A2/B1
veroudering de,ageing the,A2/B1
verspreiden,to spread,A2/B1
wijs,wise,A2/B1
A2/B1 - 7 - 4
65-plusser de,person of 65 or older the,A2/B1
aandoening de,condition the,A2/B1
achteruitgaan,to decrease,A2/B1
decennium het,decade the,A2/B1
fonds het,fund the,A2/B1
geleidelijk,gradually,A2/B1
loondienst de,paid employment the,A2/B1
loopbaan de,career the,A2/B1
mentaal,mental,A2/B1
minimumloon het,minimum wage the,A2/B1
ondernemen,to undertake,A2/B1
ondernemer de,entrepreneur the,A2/B1
opbouwen,to accrue,A2/B1
percentage het,percentage the,A2/B1
regeling de,scheme the,A2/B1
rondkomen,to make ends meet,A2/B1
schenken,to donate,A2/B1
spaargeld het,savings the,A2/B1
thuiszorg de,home care the,A2/B1
tuinieren,to work in the garden,A2/B1
vergrijzen,to age,A2/B1
volledig,completely,A2/B1
vrijwel,almost,A2/B1
zich aankleden,to get dressed,A2/B1
A2/B1 - 6 - 1
analyseren,to analyse,A2/B1
apart,separate,A2/B1
collegegeld het,tuition fees the,A2/B1
doorstromen,to continue on,A2/B1
duur de,duration the,A2/B1
evenveel,just as much,A2/B1
hogeschool de,university of applied sciences the,A2/B1
ingenieur de,engineer the,A2/B1
inhoud de,content the,A2/B1
instelling de,setting the,A2/B1
leraar de,teacher the,A2/B1
mbo het,secondary vocational education the,A2/B1
regering de,government the,A2/B1
richting de,specialisation the,A2/B1
schakelprogramma het,bridging programme the,A2/B1
scriptie de,thesis the,A2/B1
specifiek,specific,A2/B1
tandheelkunde de,dentistry the,A2/B1
toelaten,to admit,A2/B1
toelating de,admission the,A2/B1
toepassen,to apply,A2/B1
universitair,university,A2/B1
verblijfsvergunning de,residence permit the,A2/B1
voldoen,to comply,A2/B1
vooropleiding de,pre-education the,A2/B1
zich specialiseren,to specialize,A2/B1
A2/B1 - 6 - 2
aantekening de,note the,A2/B1
afschaffen,to scrap,A2/B1
anoniem,anonymous,A2/B1
bedrijfskunde de,business administration the,A2/B1
deadline de,deadline the,A2/B1
expert de,expert the,A2/B1
formeel,formal,A2/B1
hoorcollege het,lecture the,A2/B1
individueel,individual,A2/B1
informeel,informal,A2/B1
initiatief het,initiative the,A2/B1
leerzaam,informative,A2/B1
massaal,massive,A2/B1
mede-,fellow,A2/B1
Nederlandstalig,in the Dutch language,A2/B1
paper de,paper the,A2/B1
passief,passive,A2/B1
presenteren,to give a presentation,A2/B1
stelling de,position the,A2/B1
sterk,strong,A2/B1
stof de,material the,A2/B1
voorkeur de,preference the,A2/B1
werkcollege het,seminar the,A2/B1
A2/B1 - 6 - 3
afwezig,absent,A2/B1
alinea de,paragraph the,A2/B1
bijgeloof het,superstition the,A2/B1
dramatisch,dramatic,A2/B1
examenvrees de,fear of exams the,A2/B1
falen,to fail,A2/B1
geheugen het,memory the,A2/B1
ingewikkeld,complicated,A2/B1
inhalen,to do over,A2/B1
kluisje het,locker the,A2/B1
nakijken,to check,A2/B1
opblijven,to stay up,A2/B1
overhoren,to test,A2/B1
paniek de,panic the,A2/B1
sjaal de,scarf the,A2/B1
spieken,to cheat,A2/B1
talent het,talent the,A2/B1
toespraak de,speech the,A2/B1
uitgerust,well-rested,A2/B1
uitslag de,result the,A2/B1
voorbereiding de,preparation the,A2/B1
wekker de,alarm clock the,A2/B1
zelfverzekerd,self-confident,A2/B1
zich aanstellen,to be dramatic,A2/B1
zich concentreren,to concentrate,A2/B1
zich ziekmelden,to call in sick,A2/B1
A2/B1 - 6 - 4
band de,tyre the,A2/B1
echtpaar het,married couple the,A2/B1
fantasie de,fantasy the,A2/B1
hout het,wood the,A2/B1
instructie de,instruction the,A2/B1
inzicht het,insight the,A2/B1
kapotmaken,to destroy,A2/B1
kinderopvang de,childcare the,A2/B1
lek,flat,A2/B1
nadoen,to imitate,A2/B1
observeren,to observe,A2/B1
ontwikkelen,to develop,A2/B1
opgeven,to give up,A2/B1
opmeten,to measure,A2/B1
plank de,plank the,A2/B1
schaken,to play chess,A2/B1
scheef,crooked,A2/B1
sorteren,to sort,A2/B1
stem de,voice the,A2/B1
techniek de,technique the,A2/B1
technisch,technical,A2/B1
timmerman de,carpenter the,A2/B1
voordoen,to show,A2/B1
werkplaats de,workshop the,A2/B1
zagen,to saw,A2/B1
A2/B1 - 5 - 1
ademen,to breathe,A2/B1
afmaken,to finish,A2/B1
bijkomen,to recuperate,A2/B1
commentaar het,comment the,A2/B1
flauw,silly,A2/B1
fris,fresh,A2/B1
gamen,to game,A2/B1
gedachte de,thought the,A2/B1
gestoord,crazy,A2/B1
herrie de,noise the,A2/B1
irriteren,to irritate,A2/B1
kinderachtig,childish,A2/B1
kleed het,blanket the,A2/B1
opmerking de,remark the,A2/B1
picknicken,to picnic,A2/B1
roman de,novel the,A2/B1
rondje het,(-) (to go out for a run),A2/B1
uitgeput,exhausted,A2/B1
voorstelling de,performance the,A2/B1
wandeling de,walk the,A2/B1
weigeren,to refuse,A2/B1
zich vermaken,to enjoy oneself,A2/B1
zich vervelen,to be bored,A2/B1
zonnig,sunny,A2/B1
A2/B1 - 5 - 2
afsluiting de,conclusion the,A2/B1
ballon de,balloon the,A2/B1
bel de,doorbell the,A2/B1
boot de,boat the,A2/B1
burgemeester de,mayor the,A2/B1
drankje het,drink the,A2/B1
dronken,drunk,A2/B1
dweil de,mop the,A2/B1
emmer de,bucket the,A2/B1
feesten,to party,A2/B1
fotograferen,to take photos,A2/B1
gebruikelijk,customary,A2/B1
grootouder de,grandparent the,A2/B1
inhuren,to hire,A2/B1
jubileum het,anniversary the,A2/B1
nieuwsgierig,curious,A2/B1
onvergetelijk,unforgettable,A2/B1
professioneel,professional,A2/B1
rondleiding de,tour the,A2/B1
spanning de,excitement the,A2/B1
varen,to sail,A2/B1
verbouwen,to renovate,A2/B1
verrast,surprised,A2/B1
versieren,to decorate,A2/B1
vooraf,in advance,A2/B1
voorbijgaan,to be over,A2/B1
vrijgezel de,bachelor the,A2/B1
zaal de,hall the,A2/B1
A2/B1 - 5 - 3
aardbei de,strawberry the,A2/B1
biologisch,organic,A2/B1
checken,to check,A2/B1
dorst de,thirst the,A2/B1
dun,thin,A2/B1
eigenaar de,owner the,A2/B1
gehakt het,mincemeat the,A2/B1
gerecht het,dish the,A2/B1
gewicht het,weight the,A2/B1
inleveren,to hand in,A2/B1
klaarmaken,to prepare,A2/B1
lepel de,spoon the,A2/B1
ober de,waiter the,A2/B1
ontdooien,to thaw,A2/B1
overwerken,to work overtime,A2/B1
portie de,portion the,A2/B1
prijzig,expensive,A2/B1
saus de,sauce the,A2/B1
schat de,sweetheart the,A2/B1
slagroom de,whipped cream the,A2/B1
spinazie de,spinach the,A2/B1
vaatwasser de,dishwasher the,A2/B1
vermoeden,to suspect,A2/B1
vork de,fork the,A2/B1
A2/B1 - 5 - 4
aangeven,to report,A2/B1
alsnog,still,A2/B1
arbeidsovereenkomst de,employment contract the,A2/B1
behoud het,preservation the,A2/B1
berekenen,to calculate,A2/B1
bestemming de,destination the,A2/B1
bezwaar het,objection the,A2/B1
bouw de,construction the,A2/B1
collectief,collective,A2/B1
doorbetalen,to continue to pay,A2/B1
geval het,case the,A2/B1
leiden tot,to lead to,A2/B1
minimum het,minimum the,A2/B1
opmaken,to use up,A2/B1
opnemen,to take,A2/B1
recht het,right the,A2/B1
schriftelijk,in writing,A2/B1
stimuleren,to stimulate,A2/B1
tellen,to count,A2/B1
vaststaan,to fix,A2/B1
verblijven,to stay,A2/B1
vervallen,to expire,A2/B1
zich houden aan,to abide by,A2/B1
zogenaamd,so-called,A2/B1
A2/B1 - 4 - 1
akkoord het,agreement the,A2/B1
arbeidsvoorwaarden de,working conditions the,A2/B1
cao de,collective labour agreement the,A2/B1
communicatie de,communication the,A2/B1
contract het,contract the,A2/B1
doorgroeien,to grow,A2/B1
Europeaan de,European the,A2/B1
indicatie de,indication the,A2/B1
inkomsten de,income the,A2/B1
loonsverhoging de,wage increase the,A2/B1
masteropleiding de,master's programme the,A2/B1
netto,net,A2/B1
onderhandelen,to negotiate,A2/B1
ongemakkelijk,uncomfortable,A2/B1
redden,to rescue,A2/B1
salarisschaal de,salary scale the,A2/B1
strategie de,strategy the,A2/B1
tegenvallen,to be a disappointment,A2/B1
uitvoeren,to execute,A2/B1
vakantiedag de,day off the,A2/B1
verdeling de,division the,A2/B1
voorkomen,to occur,A2/B1
voorstel het,proposal the,A2/B1
willekeurig,random,A2/B1
zzp'er de,self-employed person the,A2/B1
A2/B1 - 4 - 2
administratie de,administration the,A2/B1
afrekenen,to pay,A2/B1
briefje het,bill the,A2/B1
fooi de,tip the,A2/B1
gedoe het,fuss the,A2/B1
gênant,embarrassing,A2/B1
goede doel het,charity the,A2/B1
kleingeld het,change the,A2/B1
koek de,cookie the,A2/B1
los,loose,A2/B1
middel het,means the,A2/B1
munt de,coin the,A2/B1
naïef,naïve,A2/B1
ouderwets,old-fashioned,A2/B1
overmaken,to transfer,A2/B1
portemonnee de,wallet the,A2/B1
saldo het,balance the,A2/B1
technologie de,technology the,A2/B1
terugbetalen,to pay back,A2/B1
tonijn de,tuna the,A2/B1
trakteren,to treat,A2/B1
verzoek het,request the,A2/B1
voorbij,over,A2/B1
voorschieten,to advance (the money),A2/B1
zich haasten,to hurry,A2/B1
A2/B1 - 4 - 3
aansprakelijk,liable,A2/B1
afsluiten,to take out (insurance),A2/B1
ander de,other (person) the,A2/B1
antiek,antique,A2/B1
bal de,ball the,A2/B1
buitenkant de,outside the,A2/B1
dekken,to cover,A2/B1
diefstal de,theft the,A2/B1
eigendom het,property the,A2/B1
inboedel de,household contents the,A2/B1
kopie de,copy the,A2/B1
lekkage de,leakage the,A2/B1
onverwacht,unexpected,A2/B1
opzet de,purpose the,A2/B1
ruil de,exchange the,A2/B1
ruit de,window the,A2/B1
schade de,damage the,A2/B1
trappen,to kick,A2/B1
vaas de,vase the,A2/B1
vergoeding de,compensation the,A2/B1
verzekeraar de,insurer the,A2/B1
visite de,visit the,A2/B1
voertuig het,vehicle the,A2/B1
vrijwillig,voluntarily,A2/B1
wet de,law the,A2/B1
wettelijk,by law,A2/B1
A2/B1 - 4 - 4
belediging de,insult the,A2/B1
bijdragen,to contribute,A2/B1
bruidspaar het,bride and groom the,A2/B1
brutaal,disrespectful,A2/B1
eer de,honour the,A2/B1
envelop de,envelope the,A2/B1
frituurpan de,fryer the,A2/B1
goud,gold,A2/B1
horloge het,watch the,A2/B1
huishoudelijk,domestic,A2/B1
ketting de,necklace the,A2/B1
lieverd de,sweetheart the,A2/B1
meebrengen,to bring along,A2/B1
onpersoonlijk,impersonal,A2/B1
opscheppen,to brag,A2/B1
overdrijven,to exaggerate,A2/B1
respecteren,to respect,A2/B1
servies het,service the,A2/B1
staafmixer de,hand blender the,A2/B1
stiefvader de,stepfather the,A2/B1
suggestie de,suggestion the,A2/B1
terugbellen,to call back,A2/B1
zich aanpassen,to adapt,A2/B1
zilver,silver,A2/B1
A2/B1 - 14 - 1
andersom,the other way around,A2/B1
anderzijds,on the other hand,A2/B1
besturen,to run,A2/B1
commissie de,commission the,A2/B1
contributie de,contribution the,A2/B1
deelnemen,to participate,A2/B1
ellende de,misery the,A2/B1
enerzijds,on the one hand,A2/B1
fanatiek,fanatically,A2/B1
financiën de,finances the,A2/B1
hartelijk,warm-hearted,A2/B1
inhouden,to entail,A2/B1
onderhoud het,maintenance the,A2/B1
organisatie de,organization the,A2/B1
start de,start the,A2/B1
tennis de,game of tennis the,A2/B1
tennissen,to play tennis,A2/B1
trouw,loyal,A2/B1
uitgaan van,to assume,A2/B1
verwerken,to process,A2/B1
vrijblijvend,without obligation,A2/B1
wegblijven,to not show up,A2/B1
werven,to recruit,A2/B1
zich inzetten,to do one's best,A2/B1
A2/B1 - 14 - 2
aankijken,to look at,A2/B1
agressief,aggressive,A2/B1
arrogant,arrogant,A2/B1
artiest de,artist the,A2/B1
bewonderen,to admire,A2/B1
destijds,at the time,A2/B1
held de,hero the,A2/B1
idool het,idol the,A2/B1
incident het,incident the,A2/B1
klimmen,to climb,A2/B1
koningin de,queen the,A2/B1
kunstenaar de,artist the,A2/B1
meezingen,to sing along,A2/B1
mislukken,to fail,A2/B1
omhelzen,to hug,A2/B1
onderarm de,forearm the,A2/B1
speler de,player the,A2/B1
sporter de,athlete the,A2/B1
stadion het,stadium the,A2/B1
status de,status the,A2/B1
symbool het,symbol the,A2/B1
verdienen,to deserve,A2/B1
verlangen het,desire the,A2/B1
verward,confused,A2/B1
voetballer de,football player the,A2/B1
zangeres de,singer the,A2/B1
zenuwen de,nerves the,A2/B1
A2/B1 - 14 - 3
Afrikaans,African,A2/B1
afschuwelijk,terrible,A2/B1
afspelen,to play,A2/B1
band de,tyre the,A2/B1
box de,(loud)speaker the,A2/B1
dans de,dance the,A2/B1
elektronisch,electronic,A2/B1
fluit de,flute the,A2/B1
genre het,genre the,A2/B1
instrument het,instrument the,A2/B1
klassiek,classical,A2/B1
koptelefoon de,headphone the,A2/B1
muzikaal,musical,A2/B1
muzikant de,musician the,A2/B1
oordopje het,earphone the,A2/B1
orkest het,orchestra the,A2/B1
ritme het,rhythm the,A2/B1
smaak de,taste the,A2/B1
stilte de,silence the,A2/B1
trommel de,drum the,A2/B1
verpesten,to ruin,A2/B1
viool de,violin the,A2/B1
volks,folk,A2/B1
zang de,singing the,A2/B1
zanger de,singer the,A2/B1
A2/B1 - 14 - 4
alsmaar,continuously,A2/B1
benodigd,required,A2/B1
cultureel,cultural,A2/B1
dweilen,to mop,A2/B1
eenmaal,once,A2/B1
fotografie de,photography the,A2/B1
handelen,to act,A2/B1
herkenbaar,recognizable,A2/B1
indeling de,division the,A2/B1
langdurig,for a long time,A2/B1
lezer de,reader the,A2/B1
maaien,to mow,A2/B1
marathon de,marathon the,A2/B1
opvouwen,to fold,A2/B1
overblijven,to be left over,A2/B1
plas de,puddle the,A2/B1
schatten,to estimate,A2/B1
simpelweg,simply,A2/B1
stofzuigen,to hoover (US: to vacuum),A2/B1
toekomen aan,to get around to,A2/B1
uitspraak de,statement the,A2/B1
verplichting de,obligation the,A2/B1
verwaarlozen,to neglect,A2/B1
A2/B1 - 15 - 1
bekendmaken,to announce,A2/B1
betrokkenheid de,involvement the,A2/B1
ceremonieel,ceremonial,A2/B1
debat het,debate the,A2/B1
democratie de,democracy the,A2/B1
democratisch,democratic,A2/B1
erven,to inherit,A2/B1
financieren,to finance,A2/B1
grondwet de,constitution the,A2/B1
koningshuis het,royal house the,A2/B1
macht de,power the,A2/B1
meedelen,to communicate,A2/B1
minister de,minister the,A2/B1
minister-president de,prime minister the,A2/B1
monarchie de,monarchy the,A2/B1
nationaal,national,A2/B1
opvolgen,to succeed,A2/B1
paleis het,palace the,A2/B1
positie de,position the,A2/B1
prinses de,princess the,A2/B1
Prinsjesdag de,Prinsjesdag - the State Opening of Parliament,A2/B1
ramp de,disaster the,A2/B1
republiek de,republic the,A2/B1
staatshoofd het,head of state the,A2/B1
tegenstander de,opponent the,A2/B1
vertegenwoordigen,to represent,A2/B1
volk het,people the,A2/B1
voorlezen,to read out,A2/B1
voorstander de,supporter the,A2/B1
zakendoen,to do business,A2/B1
A2/B1 - 15 - 2
betaalbaar,affordable,A2/B1
burger de,citizen the,A2/B1
demonstreren,to demonstrate,A2/B1
detail het,detail the,A2/B1
duurzaamheid de,sustainability the,A2/B1
fietsenstalling de,bicycle parking facility the,A2/B1
gelijkheid de,equality the,A2/B1
gemeenteraad de,city council the,A2/B1
kwetsbaar,vulnerable,A2/B1
overtuiging de,conviction the,A2/B1
partij de,party the,A2/B1
planeet de,planet the,A2/B1
politicus de,politician the,A2/B1
protesteren,to protest,A2/B1
provinciaal,provincial,A2/B1
standpunt het,point of view the,A2/B1
stemmen,to vote,A2/B1
stemrecht het,right to vote the,A2/B1
strijden,to fight,A2/B1
Tweede Kamer de,House of Representatives of the Netherlands the,A2/B1
vaag,vague,A2/B1
verkiezing de,election the,A2/B1
visie de,vision the,A2/B1
zetel de,seat the,A2/B1
zich verdiepen,to delve (into),A2/B1
A2/B1 - 15 - 3
afkomst de,origins the,A2/B1
afwijkend,different,A2/B1
boer de,farmer the,A2/B1
complex,complex,A2/B1
dierlijk,animal-based,A2/B1
echtgenoot de,husband the,A2/B1
eeuwenlang,for centuries,A2/B1
gehandicapt,disabled,A2/B1
gezamenlijk,jointly,A2/B1
grootvader de,grandfather the,A2/B1
handicap de,disability the,A2/B1
hap de,bite the,A2/B1
heer de,gentleman the,A2/B1
ideologie de,ideology the,A2/B1
islamitisch,Islamic,A2/B1
katholiek,Catholic,A2/B1
kenmerk het,characteristic the,A2/B1
mentaliteit de,mentality the,A2/B1
multicultureel,multicultural,A2/B1
Offerfeest het,Feast of the Sacrifice the (Eid al-Adha),A2/B1
rolstoel de,wheelchair the,A2/B1
sindsdien,since then,A2/B1
vee het,cattle the,A2/B1
veganistisch,vegan,A2/B1
verrassend,surprising,A2/B1
A2/B1 - 15 - 4
belastingaangifte de,tax declaration the,A2/B1
buitenlander de,foreigner the,A2/B1
fase de,stage the,A2/B1
gefrustreerd,frustrated,A2/B1
gemeenschap de,community the,A2/B1
gemengd,mixed,A2/B1
heimwee de,homesickness the,A2/B1
integreren,to integrate,A2/B1
medelijden het,pity the,A2/B1
overwinnen,to conquer,A2/B1
perspectief het,perspective the,A2/B1
selecteren,to select,A2/B1
studiegenoot de,classmate the,A2/B1
tegenslag de,setback the,A2/B1
tegenzitten,to not go your way,A2/B1
toewijzen,to assign,A2/B1
vooroordeel het,preconception the,A2/B1
vormen,to form,A2/B1
zeldzaam,rare,A2/B1
